0,1,2,3,4,5,6,7,8,9,10,11,12,13,14,15,16,17,18,19,20,21,22,23,24,25,26,27,28,29,30,31,32,33,34,35,36,37,38,39,40,41,42,43,44,45,46,47,48,49
-0.9685118794441223,-0.9685750007629395,-0.9685778021812439,-0.9681550860404968,1.031272053718567,-0.9685842990875244,1.0313526391983032,-0.9684720039367676,-0.968576967716217,-0.9685623049736023,1.031362533569336,1.031168818473816,1.030135154724121,-0.9684823155403137,-0.9684906005859375,1.0313447713851929,1.0313305854797363,-0.9684746861457825,1.0313588380813599,1.0312501192092896,-0.9685845971107483,-0.9681262373924255,-0.9685125350952148,1.0313163995742798,-0.9675509333610535,1.0313783884048462,-0.9685211777687073,-0.968399703502655,-0.9679358005523682,-0.9683377146720886,-0.9685186147689819,-0.9685676097869873,-0.5067986249923706,-0.9684293866157532,1.0313833951950073,1.0312259197235107,1.0313866138458252,1.0313409566879272,-0.9685424566268921,1.0313608646392822,1.0312731266021729,-0.9684456586837769,1.0312713384628296,-0.9685576558113098,1.031309723854065,-0.9685652852058411,-0.9682763814926147,-0.9685003757476807,-0.9684732556343079,1.0306954383850098
-0.9371400475502014,-0.9371954202651978,-0.9371976852416992,-0.9368969202041626,1.062618374824524,-0.9372045993804932,1.062713623046875,-0.9371072053909302,-0.937186062335968,-0.9371770620346069,1.0627491474151611,1.062483549118042,1.0616142749786377,-0.9370346069335938,-0.9371041655540466,1.0627169609069824,1.0627270936965942,-0.937086284160614,1.0627412796020508,1.0626517534255981,-0.9372029304504395,-0.9367326498031616,-0.9371455907821655,1.0626672506332397,-0.9362977147102356,1.0627570152282715,-0.9371505379676819,-0.937039852142334,-0.9362843632698059,-0.936967134475708,-0.9371024370193481,-0.937182605266571,-0.6418204307556152,-0.9370509386062622,1.0627622604370117,1.0626016855239868,1.0627589225769043,1.0627334117889404,-0.9371656775474548,1.0627495050430298,1.0625920295715332,-0.9370297789573669,1.0626540184020996,-0.9371802806854248,1.0626741647720337,-0.9371808767318726,-0.9368274807929993,-0.9370952248573303,-0.9371106624603271,1.0621113777160645
-0.9058220386505127,-0.9058775901794434,-0.9058798551559448,-0.9055773019790649,1.0939403772354126,-0.9058870077133179,1.0940316915512085,-0.9057893753051758,-0.9058690071105957,-0.9058593511581421,1.0940673351287842,1.093802809715271,1.0929316282272339,-0.9057189226150513,-0.9057857990264893,1.0940359830856323,1.0940449237823486,-0.9057701826095581,1.0940585136413574,1.093968152999878,-0.9058855772018433,-0.9054161310195923,-0.9058279991149902,1.0939862728118896,-0.9049707651138306,1.0940749645233154,-0.9058327674865723,-0.9057217836380005,-0.9049720764160156,-0.9056469202041626,-0.9057866334915161,-0.9058650732040405,-0.6115466356277466,-0.9057327508926392,1.0940803289413452,1.0939193964004517,1.0940765142440796,1.0940511226654053,-0.9058479070663452,1.0940674543380737,1.0939093828201294,-0.9057132005691528,1.0939711332321167,-0.9058624505996704,1.0939935445785522,-0.9058630466461182,-0.9055118560791016,-0.9057772159576416,-0.905792236328125,1.0934228897094727
-0.874596893787384,-0.8746527433395386,-0.87465500831604,-0.8743515610694885,1.1251667737960815,-0.8746618628501892,1.1252566576004028,-0.8745644688606262,-0.8746442794799805,-0.8746342062950134,1.125292181968689,1.125028371810913,1.1241562366485596,-0.874494731426239,-0.8745607137680054,1.1252615451812744,1.1252697706222534,-0.8745457530021667,1.1252833604812622,1.125192642211914,-0.8746606707572937,-0.8741915822029114,-0.8746029734611511,1.125211477279663,-0.8737421631813049,1.1252998113632202,-0.8746077418327332,-0.8744968175888062,-0.8737496137619019,-0.8744210600852966,-0.8745624423027039,-0.8746403455734253,-0.5804564952850342,-0.8745076060295105,1.1253055334091187,1.125144362449646,1.1253015995025635,1.1252760887145996,-0.8746227622032166,1.1252925395965576,1.1251342296600342,-0.8744886517524719,1.1251953840255737,-0.8746374845504761,1.1252191066741943,-0.874638020992279,-0.8742877840995789,-0.874552309513092,-0.8745672702789307,1.1246453523635864
-0.8434956669807434,-0.8435513377189636,-0.8435537815093994,-0.843249499797821,1.1562693119049072,-0.8435608148574829,1.1563578844070435,-0.8434632420539856,-0.8435433506965637,-0.8435329794883728,1.1563937664031982,1.156130313873291,1.1552571058273315,-0.8433942198753357,-0.8434593677520752,1.1563628911972046,1.156370997428894,-0.8434447646141052,1.1563847064971924,1.1562933921813965,-0.8435592651367188,-0.8430906534194946,-0.8435017466545105,1.156313180923462,-0.8426380753517151,1.1564010381698608,-0.8435066938400269,-0.8433955311775208,-0.8426504731178284,-0.8433190584182739,-0.8434619307518005,-0.8435389399528503,-0.5493683218955994,-0.8434062600135803,1.1564066410064697,1.1562455892562866,1.1564027070999146,1.1563775539398193,-0.8435216546058655,1.1563936471939087,1.1562355756759644,-0.843388020992279,1.1562964916229248,-0.8435364365577698,1.1563208103179932,-0.8435367941856384,-0.8431872129440308,-0.8434509634971619,-0.8434658646583557,1.1557445526123047
-0.8125486969947815,-0.8126043677330017,-0.8126070499420166,-0.8123020529747009,1.187217116355896,-0.812613844871521,1.1873048543930054,-0.8125162720680237,-0.8125966787338257,-0.8125861287117004,1.1873406171798706,1.1870776414871216,1.1862035989761353,-0.8124480843544006,-0.8125122785568237,1.1873100996017456,1.1873177289962769,-0.8124983906745911,1.1873313188552856,1.1872398853302002,-0.8126127123832703,-0.8121441006660461,-0.8125548958778381,1.1872602701187134,-0.8116886615753174,1.1873478889465332,-0.8125597238540649,-0.8124485611915588,-0.8117052912712097,-0.8123716115951538,-0.8125154972076416,-0.8125925064086914,-0.5183585286140442,-0.8124591112136841,1.1873537302017212,1.187192440032959,1.1873494386672974,1.1873242855072021,-0.8125748634338379,1.1873406171798706,1.1871823072433472,-0.8124414682388306,1.187243103981018,-0.8125895857810974,1.1872680187225342,-0.8125900030136108,-0.8122408390045166,-0.812504231929779,-0.8125187754631042,1.1866899728775024
-0.7817869782447815,-0.7818425297737122,-0.7818449139595032,-0.7815394401550293,1.2179797887802124,-0.7818520665168762,1.218066930770874,-0.7817543148994446,-0.7818347811698914,-0.7818242907524109,1.2181026935577393,1.2178399562835693,1.2169653177261353,-0.7816866636276245,-0.7817502021789551,1.2180724143981934,1.218079686164856,-0.7817367911338806,1.2180931568145752,1.2180014848709106,-0.7818509340286255,-0.7813823223114014,-0.7817928791046143,1.2180225849151611,-0.7809246778488159,1.2181099653244019,-0.7817978262901306,-0.7816864848136902,-0.7809451818466187,-0.7816091179847717,-0.7817541360855103,-0.7818304896354675,-0.4874924421310425,-0.7816972732543945,1.2181158065795898,1.2179542779922485,1.2181116342544556,1.2180862426757812,-0.7818127870559692,1.2181025743484497,1.2179442644119263,-0.7816797494888306,1.2180047035217285,-0.7818277478218079,1.2180302143096924,-0.7818281054496765,-0.7814793586730957,-0.7817422151565552,-0.7817567586898804,1.2174503803253174
-0.7512402534484863,-0.7512959837913513,-0.7512984871864319,-0.7509922981262207,1.2485272884368896,-0.7513054013252258,1.248613715171814,-0.7512075304985046,-0.7512884140014648,-0.7512776255607605,1.2486493587493896,1.2483869791030884,1.247511625289917,-0.7511403560638428,-0.7512035369873047,1.2486191987991333,1.2486262321472168,-0.7511903047561646,1.2486395835876465,1.2485480308532715,-0.7513042688369751,-0.7508358359336853,-0.7512462735176086,1.2485692501068115,-0.7503761053085327,1.2486566305160522,-0.751251220703125,-0.7511398196220398,-0.7503999471664429,-0.7510621547698975,-0.7512077689170837,-0.7512839436531067,-0.4568212032318115,-0.751150369644165,1.2486624717712402,1.2485010623931885,1.2486581802368164,1.2486326694488525,-0.7512661814689636,1.2486491203308105,1.2484909296035767,-0.751133382320404,1.2485511302947998,-0.7512807250022888,1.2485771179199219,-0.7512813806533813,-0.7509332299232483,-0.7511955499649048,-0.7512099146842957,1.2479960918426514
-0.7209388613700867,-0.720994770526886,-0.7209972739219666,-0.7206905484199524,1.2788288593292236,-0.7210042476654053,1.2789149284362793,-0.7209063172340393,-0.7209872603416443,-0.7209763526916504,1.2789504528045654,1.2786884307861328,1.2778126001358032,-0.7208394408226013,-0.7209022641181946,1.2789205312728882,1.2789275646209717,-0.7208892107009888,1.2789409160614014,1.278848648071289,-0.7210030555725098,-0.7205348014831543,-0.7209450602531433,1.2788708209991455,-0.7200734615325928,1.2789578437805176,-0.7209499478340149,-0.7208384871482849,-0.7201000452041626,-0.7207604646682739,-0.720906674861908,-0.7209827303886414,-0.42638957500457764,-0.7208492159843445,1.2789638042449951,1.2788022756576538,1.2789592742919922,1.278934121131897,-0.720964789390564,1.2789504528045654,1.278792381286621,-0.7208324670791626,1.2788524627685547,-0.7209796905517578,1.2788786888122559,-0.720980167388916,-0.7206321954727173,-0.720894455909729,-0.7209087014198303,1.2782962322235107
-0.6909129023551941,-0.6909687519073486,-0.6909714341163635,-0.6906642913818359,1.3088552951812744,-0.6909782886505127,1.3089407682418823,-0.6908804178237915,-0.6909615993499756,-0.6909504532814026,1.308976411819458,1.3087146282196045,1.3078382015228271,-0.6908139586448669,-0.6908762454986572,1.3089464902877808,1.3089532852172852,-0.6908634901046753,1.3089666366577148,1.3088746070861816,-0.690977156162262,-0.6905089020729065,-0.6909191012382507,1.308896780014038,-0.6900461912155151,1.3089838027954102,-0.6909240484237671,-0.6908125281333923,-0.690075159072876,-0.690734326839447,-0.6908812522888184,-0.6909569501876831,-0.39623576402664185,-0.6908231973648071,1.3089896440505981,1.3088281154632568,1.3089853525161743,1.3089598417282104,-0.6909389495849609,1.308976411819458,1.3088182210922241,-0.6908066868782043,1.308877944946289,-0.6909537315368652,1.308904767036438,-0.690954327583313,-0.6906065940856934,-0.6908685564994812,-0.6908825635910034,1.308321237564087
-0.6611919403076172,-0.6612478494644165,-0.6612502336502075,-0.6609429121017456,1.3385766744613647,-0.6612573862075806,1.338661789894104,-0.6611593961715698,-0.6612406969070435,-0.6612296104431152,1.3386975526809692,1.3384356498718262,1.3375588655471802,-0.6610932350158691,-0.6611553430557251,1.338667631149292,1.3386741876602173,-0.6611425876617432,1.338687539100647,1.3385953903198242,-0.6612564325332642,-0.6607880592346191,-0.6611980199813843,1.3386178016662598,-0.660324215888977,1.3387047052383423,-0.6612029075622559,-0.6610914468765259,-0.6603550910949707,-0.6610130071640015,-0.6611603498458862,-0.661236047744751,-0.3663950264453888,-0.6611020565032959,1.3387107849121094,1.3385491371154785,1.338706135749817,1.3386808633804321,-0.6612179279327393,1.3386971950531006,1.3385391235351562,-0.6610857248306274,1.3385989665985107,-0.6612328290939331,1.3386257886886597,-0.6612333059310913,-0.6608860492706299,-0.6611475944519043,-0.6611614227294922,1.3380415439605713
-0.631805419921875,-0.6318612098693848,-0.6318637132644653,-0.6315559148788452,1.3679635524749756,-0.6318709254264832,1.3680484294891357,-0.6317728161811829,-0.6318541765213013,-0.6318429708480835,1.3680839538574219,1.3678224086761475,1.3669453859329224,-0.6317068338394165,-0.6317685842514038,1.3680542707443237,1.368060827255249,-0.6317561268806458,1.3680741786956787,1.3679819107055664,-0.6318697929382324,-0.631401538848877,-0.6318114995956421,1.3680047988891602,-0.6309365630149841,1.368091344833374,-0.6318163871765137,-0.6317048072814941,-0.630969226360321,-0.6316263675689697,-0.6317740678787231,-0.6318492293357849,-0.3368987441062927,-0.6317155957221985,1.3680973052978516,1.3679356575012207,1.3680927753448486,1.3680675029754639,-0.6318314075469971,1.3680838346481323,1.367925763130188,-0.6316994428634644,1.367985486984253,-0.6318461894989014,1.3680124282836914,-0.6318468451499939,-0.6314995288848877,-0.631760835647583,-0.6317748427391052,1.3674275875091553
-0.602782130241394,-0.602837860584259,-0.6028401851654053,-0.6025325655937195,1.3969871997833252,-0.6028474569320679,1.3970718383789062,-0.6027494668960571,-0.6028308868408203,-0.6028195023536682,1.3971076011657715,1.396846055984497,1.3959685564041138,-0.6026837825775146,-0.6027452349662781,1.3970777988433838,1.39708411693573,-0.6027328968048096,1.3970975875854492,1.3970050811767578,-0.6028463840484619,-0.6023783683776855,-0.6027881503105164,1.3970280885696411,-0.6019126176834106,1.3971147537231445,-0.6027929186820984,-0.6026815176010132,-0.6019464135169983,-0.6026027202606201,-0.602750837802887,-0.6028259992599487,-0.3077767491340637,-0.6026921272277832,1.397120714187622,1.3969589471817017,1.3971163034439087,1.3970907926559448,-0.602807879447937,1.3971071243286133,1.396949291229248,-0.6026760935783386,1.3970086574554443,-0.6028228998184204,1.397035837173462,-0.6028234362602234,-0.6024764776229858,-0.6027376651763916,-0.6027514934539795,1.3964505195617676
-0.574150562286377,-0.5742065906524658,-0.5742088556289673,-0.5739007592201233,1.4256187677383423,-0.5742160677909851,1.4257031679153442,-0.5741179585456848,-0.5741996765136719,-0.574188232421875,1.42573881149292,1.4254775047302246,1.4245996475219727,-0.5740525722503662,-0.5741138458251953,1.4257091283798218,1.425715446472168,-0.5741015672683716,1.4257287979125977,1.4256365299224854,-0.5742149949073792,-0.573746919631958,-0.5741565823554993,1.4256596565246582,-0.5732805728912354,1.425746202468872,-0.5741615295410156,-0.5740500092506409,-0.5733156800270081,-0.573971152305603,-0.574119508266449,-0.5741947293281555,-0.27905869483947754,-0.5740607380867004,1.4257521629333496,1.4255902767181396,1.4257476329803467,1.4257222414016724,-0.5741766691207886,1.4257385730743408,1.4255805015563965,-0.5740448236465454,1.4256401062011719,-0.5741913914680481,1.425667405128479,-0.5741919875144958,-0.5738450884819031,-0.5741062164306641,-0.574120044708252,1.4250812530517578
-0.5459393262863159,-0.5459953546524048,-0.5459977388381958,-0.5456894636154175,1.4538300037384033,-0.5460047721862793,1.4539142847061157,-0.5459067821502686,-0.5459883213043213,-0.5459771156311035,1.4539501667022705,1.4536887407302856,1.4528108835220337,-0.5458414554595947,-0.5459026098251343,1.4539204835891724,1.4539268016815186,-0.5458904504776001,1.4539400339126587,1.4538475275039673,-0.5460038185119629,-0.5455358028411865,-0.545945405960083,1.4538708925247192,-0.5450687408447266,1.453957200050354,-0.5459504127502441,-0.5458387136459351,-0.5451048612594604,-0.5457597970962524,-0.5459085702896118,-0.5459835529327393,-0.2507711946964264,-0.5458495616912842,1.4539633989334106,1.4538016319274902,1.4539588689804077,1.4539333581924438,-0.5459655523300171,1.4539498090744019,1.453791856765747,-0.5458335876464844,1.4538512229919434,-0.5459802150726318,1.4538787603378296,-0.54598069190979,-0.5456341505050659,-0.5458950996398926,-0.5459088087081909,1.4532922506332397
-0.5181761980056763,-0.5182322263717651,-0.5182347297668457,-0.5179260969161987,1.4815934896469116,-0.5182417631149292,1.481677532196045,-0.5181436538696289,-0.5182250738143921,-0.5182138681411743,1.4817131757736206,1.4814519882202148,1.4805738925933838,-0.5180783271789551,-0.5181393623352051,1.4816834926605225,1.4816898107528687,-0.51812744140625,1.4817031621932983,1.4816105365753174,-0.5182406902313232,-0.5177726745605469,-0.5181822776794434,1.4816340208053589,-0.5173052549362183,1.4817204475402832,-0.5181872844696045,-0.5180755853652954,-0.517342209815979,-0.5179965496063232,-0.5181453227996826,-0.5182203054428101,-0.22294220328330994,-0.518086314201355,1.4817265272140503,1.4815648794174194,1.4817219972610474,1.481696605682373,-0.5182023048400879,1.4817129373550415,1.4815551042556763,-0.5180704593658447,1.481614589691162,-0.5182170867919922,1.4816418886184692,-0.5182178020477295,-0.5178709030151367,-0.5181319713592529,-0.5181455612182617,1.4810552597045898
-0.49088841676712036,-0.4909443259239197,-0.4909467101097107,-0.49063825607299805,1.5088813304901123,-0.4909539222717285,1.5089654922485352,-0.49085569381713867,-0.49093741178512573,-0.49092596769332886,1.5090011358261108,1.5087398290634155,1.5078614950180054,-0.4907906651496887,-0.49085164070129395,1.5089714527130127,1.5089776515960693,-0.4908396601676941,1.508991003036499,1.5088982582092285,-0.49095290899276733,-0.4904847741127014,-0.4908945560455322,1.5089218616485596,-0.4900171160697937,1.5090081691741943,-0.4908995032310486,-0.4907878041267395,-0.4900548458099365,-0.49070876836776733,-0.49085766077041626,-0.4909325838088989,-0.19559723138809204,-0.4907986521720886,1.509014368057251,1.508852481842041,1.509009838104248,1.5089843273162842,-0.49091440439224243,1.5090007781982422,1.508842945098877,-0.49078285694122314,1.5089019536972046,-0.49092942476272583,1.5089296102523804,-0.49092984199523926,-0.49058324098587036,-0.490844190120697,-0.4908577799797058,1.5083427429199219
-0.4641030430793762,-0.46415895223617554,-0.46416133642196655,-0.4638528823852539,1.5356667041778564,-0.4641686677932739,1.5357508659362793,-0.4640704393386841,-0.46415209770202637,-0.46414077281951904,1.535786509513855,1.5355253219604492,1.534646987915039,-0.46400558948516846,-0.4640662670135498,1.5357568264007568,1.5357630252838135,-0.4640541672706604,1.5357763767242432,1.5356836318969727,-0.4641674757003784,-0.4636994004249573,-0.46410906314849854,1.5357072353363037,-0.4632313847541809,1.535793662071228,-0.4641139507293701,-0.46400249004364014,-0.4632694721221924,-0.4639233350753784,-0.4640722870826721,-0.4641472101211548,-0.16876256465911865,-0.46401315927505493,1.5357996225357056,1.5356378555297852,1.535794973373413,1.5357697010040283,-0.4641292095184326,1.5357861518859863,1.5356281995773315,-0.463997483253479,1.5356874465942383,-0.4641438126564026,1.535715103149414,-0.46414434909820557,-0.46379798650741577,-0.4640588164329529,-0.4640722870826721,1.535127878189087
-0.43784648180007935,-0.4379025101661682,-0.4379047751426697,-0.4375961422920227,1.5619235038757324,-0.43791186809539795,1.5620074272155762,-0.4378138780593872,-0.4378954768180847,-0.4378843307495117,1.5620429515838623,1.561781883239746,1.560903549194336,-0.43774890899658203,-0.4378095865249634,1.5620133876800537,1.5620195865631104,-0.4377976655960083,1.56203293800354,1.5619401931762695,-0.4379109740257263,-0.43744295835494995,-0.43785250186920166,1.5619637966156006,-0.4369744062423706,1.5620501041412354,-0.43785756826400757,-0.4377458095550537,-0.4370132088661194,-0.437666654586792,-0.43781572580337524,-0.43789052963256836,-0.14246433973312378,-0.4377564787864685,1.562056303024292,1.561894416809082,1.5620516538619995,1.5620262622833252,-0.43787264823913574,1.5620427131652832,1.561884880065918,-0.43774092197418213,1.5619440078735352,-0.43788737058639526,1.561971664428711,-0.43788790702819824,-0.43754148483276367,-0.437802255153656,-0.43781572580337524,1.5613842010498047
-0.41214460134506226,-0.4122006297111511,-0.41220301389694214,-0.4118940830230713,1.587625503540039,-0.41221022605895996,1.5877091884613037,-0.4121119976043701,-0.41219377517700195,-0.41218215227127075,1.587744951248169,1.5874837636947632,1.586605191230774,-0.4120471477508545,-0.41210782527923584,1.5877153873443604,1.587721347808838,-0.412095844745636,1.5877348184585571,1.5876420736312866,-0.41220909357070923,-0.4117411971092224,-0.41215062141418457,1.5876657962799072,-0.41127222776412964,1.5877519845962524,-0.4121555685997009,-0.41204404830932617,-0.4113115072250366,-0.4119647145271301,-0.4121139645576477,-0.4121887683868408,-0.11672592163085938,-0.4120545983314514,1.5877580642700195,1.5875962972640991,1.5877535343170166,1.5877282619476318,-0.4121707081794739,1.5877445936203003,1.5875866413116455,-0.41203898191452026,1.5876457691192627,-0.4121854901313782,1.587673544883728,-0.41218626499176025,-0.4118395447731018,-0.4121003746986389,-0.41211384534835815,1.5870859622955322
-0.38702285289764404,-0.3870787024497986,-0.3870810866355896,-0.38677215576171875,1.6127474308013916,-0.3870883584022522,1.6128311157226562,-0.38699018955230713,-0.3870720863342285,-0.38706040382385254,1.6128666400909424,1.6126055717468262,1.6117268800735474,-0.3869253993034363,-0.38698601722717285,1.612837314605713,1.6128431558609009,-0.3869740962982178,1.6128566265106201,1.61276376247406,-0.3870871663093567,-0.3866193890571594,-0.3870288133621216,1.6127874851226807,-0.3861504793167114,1.612873911857605,-0.38703393936157227,-0.3869221806526184,-0.3861899971961975,-0.38684284687042236,-0.38699227571487427,-0.3870668411254883,-0.09157305955886841,-0.386932909488678,1.612879991531372,1.612717866897583,1.61287522315979,1.6128499507904053,-0.3870489001274109,1.6128664016723633,1.612708568572998,-0.3869172930717468,1.6127674579620361,-0.3870636224746704,1.612795352935791,-0.3870643973350525,-0.38671785593032837,-0.3869786262512207,-0.38699203729629517,1.6122078895568848
-0.3625059127807617,-0.36256176233291626,-0.3625641465187073,-0.3622552156448364,1.6372642517089844,-0.3625715374946594,1.637347936630249,-0.36247313022613525,-0.3625550866127014,-0.36254358291625977,1.6373836994171143,1.637122631072998,1.6362440586090088,-0.36240845918655396,-0.362468957901001,1.6373541355133057,1.6373602151870728,-0.36245715618133545,1.637373447418213,1.6372805833816528,-0.36257028579711914,-0.36210232973098755,-0.3625120520591736,1.6373045444488525,-0.3616333603858948,1.6373907327651978,-0.3625168204307556,-0.36240512132644653,-0.3616732358932495,-0.36232590675354004,-0.36247527599334717,-0.36255013942718506,-0.06702941656112671,-0.3624158501625061,1.637397050857544,1.637235164642334,1.6373921632766724,1.637366771697998,-0.36253196001052856,1.637383222579956,1.6372253894805908,-0.3624004125595093,1.637284517288208,-0.3625466823577881,1.637312412261963,-0.3625473380088806,-0.36220091581344604,-0.36246150732040405,-0.3624749779701233,1.636724591255188
-0.33861786127090454,-0.33867377042770386,-0.33867621421813965,-0.338367223739624,1.6611521244049072,-0.3386836051940918,1.661236047744751,-0.3385852575302124,-0.33866703510284424,-0.3386557102203369,1.661271572113037,1.6610106229782104,1.6601319313049316,-0.33852070569992065,-0.3385810852050781,1.6612420082092285,1.6612482070922852,-0.3385692834854126,1.6612615585327148,1.6611685752868652,-0.3386825919151306,-0.33821457624435425,-0.3386240005493164,1.6611924171447754,-0.33774518966674805,1.6612787246704102,-0.33862894773483276,-0.3385172486305237,-0.3377854824066162,-0.33843791484832764,-0.3385874032974243,-0.33866214752197266,-0.043118834495544434,-0.33852821588516235,1.6612849235534668,1.6611230373382568,1.6612800359725952,1.6612548828125,-0.3386439085006714,1.661271095275879,1.6611133813858032,-0.3385125398635864,1.6611723899841309,-0.33865886926651,1.6612002849578857,-0.33865928649902344,-0.3383130431175232,-0.33857375383377075,-0.33858722448349,1.6606123447418213
-0.31538259983062744,-0.31543874740600586,-0.3154411315917969,-0.3151320219039917,1.684387445449829,-0.3154483437538147,1.6844712495803833,-0.3153499960899353,-0.3154318332672119,-0.3154204487800598,1.6845066547393799,1.6842458248138428,1.6833668947219849,-0.31528544425964355,-0.315345823764801,1.6844773292541504,1.684483289718628,-0.3153340220451355,1.6844966411590576,1.684403896331787,-0.31544727087020874,-0.3149791955947876,-0.31538867950439453,1.6844277381896973,-0.31450986862182617,1.6845139265060425,-0.31539368629455566,-0.31528186798095703,-0.3145502805709839,-0.3152027130126953,-0.31535226106643677,-0.3154270648956299,-0.01986384391784668,-0.3152928352355957,1.6845200061798096,1.6843582391738892,1.6845154762268066,1.6844899654388428,-0.31540870666503906,1.6845064163208008,1.684348702430725,-0.3152773380279541,1.6844075918197632,-0.31542354822158813,1.6844356060028076,-0.3154241442680359,-0.31507790088653564,-0.3153385519981384,-0.31535184383392334,1.683847427368164
-0.29282301664352417,-0.2928791046142578,-0.2928813695907593,-0.29257237911224365,1.7069473266601562,-0.2928886413574219,1.7070307731628418,-0.29279035329818726,-0.29287219047546387,-0.292860746383667,1.707066535949707,1.7068054676055908,1.7059266567230225,-0.29272592067718506,-0.292786180973053,1.7070368528366089,1.7070428133010864,-0.29277437925338745,1.7070564031600952,1.7069634199142456,-0.29288768768310547,-0.29241955280303955,-0.29282915592193604,1.7069873809814453,-0.2919501066207886,1.7070735692977905,-0.2928341031074524,-0.2927224040031433,-0.2919907569885254,-0.2926430106163025,-0.2927926182746887,-0.2928672432899475,0.002712428569793701,-0.29273319244384766,1.7070796489715576,1.706917643547058,1.7070748805999756,1.7070494890213013,-0.29284900426864624,1.7070660591125488,1.7069082260131836,-0.2927176356315613,1.7069672346115112,-0.2928638458251953,1.7069952487945557,-0.29286450147628784,-0.2925182580947876,-0.2927789092063904,-0.29279232025146484,1.706407070159912
-0.2709611654281616,-0.27101701498031616,-0.27101945877075195,-0.27071040868759155,1.7288092374801636,-0.2710267901420593,1.7288925647735596,-0.27092862129211426,-0.2710103392601013,-0.2709987759590149,1.7289280891418457,1.7286674976348877,1.7277884483337402,-0.2708640694618225,-0.27092432975769043,1.7288987636566162,1.7289047241210938,-0.2709125280380249,1.7289180755615234,1.728825330734253,-0.27102577686309814,-0.270557701587677,-0.2709673047065735,1.728849172592163,-0.27008819580078125,1.7289353609085083,-0.27097225189208984,-0.270860493183136,-0.2701289653778076,-0.2707812190055847,-0.27093076705932617,-0.2710055112838745,0.02458822727203369,-0.270871102809906,1.728941559791565,1.7287797927856445,1.7289371490478516,1.7289115190505981,-0.270987331867218,1.7289279699325562,1.728770136833191,-0.27085578441619873,1.7288291454315186,-0.2710021734237671,1.728857159614563,-0.27100276947021484,-0.2706564664840698,-0.27091699838638306,-0.2709304690361023,1.7282692193984985
-0.24981868267059326,-0.24987483024597168,-0.24987709522247314,-0.24956804513931274,1.7499516010284424,-0.2498844861984253,1.7500351667404175,-0.24978607892990112,-0.2498679757118225,-0.24985647201538086,1.750070571899414,1.7498098611831665,1.748930811882019,-0.2497214674949646,-0.24978190660476685,1.7500412464141846,1.750047206878662,-0.24977010488510132,1.7500605583190918,1.7499676942825317,-0.24988341331481934,-0.24941539764404297,-0.2498248815536499,1.7499916553497314,-0.24894565343856812,1.7500779628753662,-0.24982976913452148,-0.24971812963485718,-0.24898654222488403,-0.24963867664337158,-0.24978846311569214,-0.24986296892166138,0.045742809772491455,-0.24972879886627197,1.7500839233398438,1.7499220371246338,1.7500793933868408,1.750053882598877,-0.24984478950500488,1.7500704526901245,1.7499126195907593,-0.24971342086791992,1.749971628189087,-0.2498597502708435,1.7499995231628418,-0.24986028671264648,-0.24951404333114624,-0.24977463483810425,-0.24978792667388916,1.7494113445281982
-0.22941654920578003,-0.22947251796722412,-0.2294750213623047,-0.22916573286056519,1.7703537940979004,-0.22948217391967773,1.7704373598098755,-0.22938400506973267,-0.2294660210609436,-0.2294541597366333,1.7704730033874512,1.7702120542526245,1.769333004951477,-0.22931939363479614,-0.22937971353530884,1.7704434394836426,1.7704493999481201,-0.2293679118156433,1.7704627513885498,1.7703698873519897,-0.22948116064071655,-0.22901326417922974,-0.22942262887954712,1.7703938484191895,-0.22854334115982056,1.7704800367355347,-0.22942757606506348,-0.2293158769607544,-0.22858446836471558,-0.2292364239692688,-0.22938615083694458,-0.22946089506149292,0.06615591049194336,-0.22932660579681396,1.7704861164093018,1.770324468612671,1.7704815864562988,1.770456075668335,-0.22944271564483643,1.770472526550293,1.7703146934509277,-0.22931122779846191,1.7703737020492554,-0.2294575572013855,1.7704017162322998,-0.22945815324783325,-0.22911179065704346,-0.22937238216400146,-0.2293858528137207,1.7698132991790771
-0.209774911403656,-0.209830641746521,-0.2098332643508911,-0.20952391624450684,1.7899954319000244,-0.20984047651290894,1.790079116821289,-0.2097422480583191,-0.20982414484024048,-0.20981252193450928,1.7901146411895752,1.789853811264038,1.7889747619628906,-0.20967775583267212,-0.2097378373146057,1.7900853157043457,1.7900910377502441,-0.20972639322280884,1.790104627609253,1.7900116443634033,-0.20983928442001343,-0.20937150716781616,-0.209780752658844,1.7900357246398926,-0.20890164375305176,1.7901220321655273,-0.2097858190536499,-0.20967406034469604,-0.208942711353302,-0.20959484577178955,-0.20974451303482056,-0.20981889963150024,0.08580654859542847,-0.20968472957611084,1.7901279926300049,1.789966106414795,1.7901232242584229,1.790097713470459,-0.20980095863342285,1.7901145219802856,1.7899566888809204,-0.20966953039169312,1.790015459060669,-0.20981574058532715,1.7900434732437134,-0.20981627702713013,-0.20947015285491943,-0.2097306251525879,-0.20974397659301758,1.7894551753997803
-0.19091278314590454,-0.19096875190734863,-0.19097113609313965,-0.19066214561462402,1.8088575601577759,-0.19097846746444702,1.808941125869751,-0.19088011980056763,-0.19096225500106812,-0.19095057249069214,1.8089767694473267,1.8087158203125,1.8078367710113525,-0.19081562757492065,-0.1908760666847229,1.808947205543518,1.8089532852172852,-0.19086426496505737,1.8089663982391357,1.8088735342025757,-0.1909772753715515,-0.19050931930541992,-0.1909189224243164,1.8088977336883545,-0.1900395154953003,1.8089838027954102,-0.190923810005188,-0.19081223011016846,-0.1900806427001953,-0.1907326579093933,-0.19088250398635864,-0.1909569501876831,0.10467660427093506,-0.19082283973693848,1.8089900016784668,1.8088278770446777,1.8089852333068848,1.808959722518921,-0.19093871116638184,1.8089762926101685,1.8088183403015137,-0.1908075213432312,1.80887770652771,-0.19095379114151,1.8089054822921753,-0.19095438718795776,-0.19060802459716797,-0.19086867570877075,-0.19088208675384521,1.8083171844482422
-0.17284923791885376,-0.1729053258895874,-0.17290771007537842,-0.17259842157363892,1.826920986175537,-0.17291492223739624,1.8270046710968018,-0.1728166937828064,-0.17289859056472778,-0.17288696765899658,1.827040195465088,1.8267793655395508,1.8259003162384033,-0.17275208234786987,-0.17281240224838257,1.8270108699798584,1.827016830444336,-0.1728007197380066,1.8270301818847656,1.826937198638916,-0.17291373014450073,-0.17244595289230347,-0.17285537719726562,1.8269612789154053,-0.1719759702682495,1.827047348022461,-0.17286044359207153,-0.17274856567382812,-0.17201721668243408,-0.1726691722869873,-0.17281895875930786,-0.1728934645652771,0.12274682521820068,-0.1727592945098877,1.8270535469055176,1.826891541481018,1.827048897743225,1.8270235061645508,-0.17287540435791016,1.8270397186279297,1.8268821239471436,-0.17274385690689087,1.826940894126892,-0.17289012670516968,1.8269691467285156,-0.1728907823562622,-0.17254459857940674,-0.1728050708770752,-0.17281854152679443,1.8263804912567139
-0.1556018590927124,-0.1556578278541565,-0.15566033124923706,-0.15535098314285278,1.8441684246063232,-0.15566754341125488,1.8442519903182983,-0.1555691957473755,-0.15565109252929688,-0.15563946962356567,1.844287633895874,1.844026803970337,1.8431477546691895,-0.15550470352172852,-0.1555650234222412,1.8442580699920654,1.844264030456543,-0.15555322170257568,1.8442773818969727,1.844184398651123,-0.15566635131835938,-0.15519851446151733,-0.15560799837112427,1.8442085981369019,-0.15472859144210815,1.844294786453247,-0.15561294555664062,-0.15550118684768677,-0.15476995706558228,-0.15542173385620117,-0.15557146072387695,-0.15564608573913574,0.13999974727630615,-0.1555120348930359,1.8443007469177246,1.8441388607025146,1.8442962169647217,1.844270944595337,-0.15562784671783447,1.8442871570587158,1.8441295623779297,-0.1554965376853943,1.8441884517669678,-0.15564292669296265,1.8442164659500122,-0.15564334392547607,-0.15529727935791016,-0.15555769205093384,-0.15557116270065308,1.8436280488967896
-0.13918769359588623,-0.13924360275268555,-0.13924622535705566,-0.13893693685531616,1.8605825901031494,-0.1392533779144287,1.860666036605835,-0.13915520906448364,-0.13923710584640503,-0.13922536373138428,1.8607016801834106,1.860440969467163,1.8595616817474365,-0.13909071683883667,-0.13915079832077026,1.8606722354888916,1.8606781959533691,-0.1391391158103943,1.8606915473937988,1.8605986833572388,-0.13925236463546753,-0.1387842297554016,-0.13919401168823242,1.8606226444244385,-0.1383143663406372,1.8607089519500732,-0.13919883966445923,-0.13908696174621582,-0.13835573196411133,-0.13900768756866455,-0.1391574740409851,-0.13923192024230957,0.15641862154006958,-0.13909780979156494,1.8607151508331299,1.8605530261993408,1.8607103824615479,1.8606849908828735,-0.13921380043029785,1.860701322555542,1.8605434894561768,-0.13908237218856812,1.860602617263794,-0.1392287015914917,1.8606305122375488,-0.139229416847229,-0.13888317346572876,-0.13914358615875244,-0.13915705680847168,1.8600420951843262
-0.12362313270568848,-0.12367910146713257,-0.12368148565292358,-0.12337225675582886,1.8761472702026367,-0.12368881702423096,1.8762307167053223,-0.12359058856964111,-0.12367236614227295,-0.1236608624458313,1.8762662410736084,1.8760055303573608,1.8751263618469238,-0.12352609634399414,-0.12358629703521729,1.8762367963790894,1.8762428760528564,-0.12357449531555176,1.8762562274932861,1.8761632442474365,-0.12368762493133545,-0.12321978807449341,-0.12362921237945557,1.8761873245239258,-0.12274974584579468,1.8762733936309814,-0.12363409996032715,-0.12352240085601807,-0.1227911114692688,-0.12344300746917725,-0.12359273433685303,-0.12366735935211182,0.17198783159255981,-0.12353318929672241,1.876279592514038,1.8761177062988281,1.876274824142456,1.8762493133544922,-0.12364929914474487,1.8762660026550293,1.876108169555664,-0.12351781129837036,1.8761672973632812,-0.1236640214920044,1.8761951923370361,-0.12366461753845215,-0.1233183741569519,-0.12357896566390991,-0.12359243631362915,1.875606656074524
-0.10892319679260254,-0.1089792251586914,-0.10898160934448242,-0.10867232084274292,1.8908472061157227,-0.1089889407157898,1.8909306526184082,-0.10889071226119995,-0.10897260904312134,-0.10896098613739014,1.8909661769866943,1.8907053470611572,1.8898262977600098,-0.10882610082626343,-0.10888630151748657,1.8909366130828857,1.8909428119659424,-0.1088746190071106,1.890956163406372,1.8908631801605225,-0.10898786783218384,-0.10851985216140747,-0.10892921686172485,1.8908872604370117,-0.10804992914199829,1.8909733295440674,-0.10893434286117554,-0.1088225245475769,-0.10809135437011719,-0.10874313116073608,-0.10889285802841187,-0.1089676022529602,0.18669217824935913,-0.10883331298828125,1.8909794092178345,1.890817642211914,1.890974760055542,1.8909492492675781,-0.10894924402236938,1.8909657001495361,1.89080810546875,-0.10881787538528442,1.890866994857788,-0.10896420478820801,1.8908950090408325,-0.10896462202072144,-0.10861849784851074,-0.1088789701461792,-0.10889256000518799,1.8903064727783203
-0.09510266780853271,-0.09515869617462158,-0.0951610803604126,-0.0948517918586731,1.9046677350997925,-0.09516841173171997,1.9047510623931885,-0.09507018327713013,-0.09515184164047241,-0.09514063596725464,1.9047868251800537,1.9045259952545166,1.90364670753479,-0.09500569105148315,-0.0950658917427063,1.9047573804855347,1.904763102531433,-0.09505409002304077,1.9047765731811523,1.9046837091445923,-0.09516739845275879,-0.09469938278198242,-0.09510880708694458,1.904707670211792,-0.09422928094863892,1.9047938585281372,-0.09511393308639526,-0.09500199556350708,-0.09427076578140259,-0.09492260217666626,-0.09507256746292114,-0.09514683485031128,0.20051538944244385,-0.09501278400421143,1.9047999382019043,1.9046380519866943,1.9047954082489014,1.9047698974609375,-0.09512871503829956,1.9047863483428955,1.9046287536621094,-0.09499752521514893,1.9046874046325684,-0.09514367580413818,1.9047155380249023,-0.09514409303665161,-0.09479814767837524,-0.09505856037139893,-0.09507203102111816,1.9041271209716797
-0.08217513561248779,-0.08223122358322144,-0.08223360776901245,-0.0819242000579834,1.9175951480865479,-0.0822407603263855,1.9176785945892334,-0.08214259147644043,-0.08222448825836182,-0.08221292495727539,1.9177143573760986,1.9174537658691406,1.916574239730835,-0.0820779800415039,-0.08213818073272705,1.91768479347229,1.9176908731460571,-0.08212661743164062,1.9177041053771973,1.9176111221313477,-0.08223962783813477,-0.08177179098129272,-0.08218127489089966,1.917635440826416,-0.08130180835723877,1.9177213907241821,-0.08218616247177124,-0.08207452297210693,-0.08134329319000244,-0.08199495077133179,-0.0821448564529419,-0.08221954107284546,0.2134457230567932,-0.08208519220352173,1.9177277088165283,1.9175657033920288,1.9177228212356567,1.9176976680755615,-0.08220118284225464,1.9177138805389404,1.9175562858581543,-0.08206987380981445,1.9176151752471924,-0.08221602439880371,1.9176430702209473,-0.08221650123596191,-0.08187049627304077,-0.08213114738464355,-0.08214437961578369,1.9170546531677246
-0.07015323638916016,-0.07020914554595947,-0.07021147012710571,-0.06990236043930054,1.9296170473098755,-0.07021903991699219,1.9297006130218506,-0.07012063264846802,-0.0702025294303894,-0.07019108533859253,1.9297361373901367,1.9294753074645996,1.9285961389541626,-0.0700562596321106,-0.07011646032333374,1.9297064542770386,1.9297125339508057,-0.07010465860366821,1.9297258853912354,1.9296330213546753,-0.0702177882194519,-0.06974989175796509,-0.0701594352722168,1.929656982421875,-0.06927984952926636,1.9297435283660889,-0.07016438245773315,-0.07005256414413452,-0.06932151317596436,-0.0699731707572937,-0.07012289762496948,-0.07019758224487305,0.2254699468612671,-0.07006347179412842,1.9297493696212769,1.9295876026153564,1.9297447204589844,1.9297192096710205,-0.07017946243286133,1.9297356605529785,1.9295780658721924,-0.07004803419113159,1.9296369552612305,-0.07019424438476562,1.9296650886535645,-0.07019484043121338,-0.06984847784042358,-0.07010918855667114,-0.07012248039245605,1.9290766716003418
-0.05904895067214966,-0.059104979038238525,-0.05910748243331909,-0.05879819393157959,1.9407212734222412,-0.05911463499069214,1.9408049583435059,-0.05901646614074707,-0.05909836292266846,-0.059086620807647705,1.940840244293213,1.9405797719955444,1.9397003650665283,-0.05895185470581055,-0.05901217460632324,1.9408109188079834,1.9408169984817505,-0.059000492095947266,1.9408304691314697,1.940737247467041,-0.05911368131637573,-0.058645665645599365,-0.0590551495552063,1.9407613277435303,-0.05817544460296631,1.940847635269165,-0.059060096740722656,-0.0589483380317688,-0.05821716785430908,-0.0588688850402832,-0.059018611907958984,-0.05909329652786255,0.23657691478729248,-0.05895906686782837,1.9408538341522217,1.9406917095184326,1.9408490657806396,1.9408235549926758,-0.05907517671585083,1.9408400058746338,1.9406824111938477,-0.05894368886947632,1.9407413005828857,-0.0590900182723999,1.9407691955566406,-0.05909067392349243,-0.05874431133270264,-0.05900484323501587,-0.05901837348937988,1.940180778503418
-0.04887324571609497,-0.04892933368682861,-0.04893141984939575,-0.048622310161590576,1.9508973360061646,-0.04893893003463745,1.9509806632995605,-0.04884070158004761,-0.04892247915267944,-0.04891103506088257,1.9510163068771362,1.9507553577423096,1.949876308441162,-0.048776090145111084,-0.04883629083633423,1.950986623764038,1.9509925842285156,-0.0488247275352478,1.9510061740875244,1.9509131908416748,-0.048937857151031494,-0.0484699010848999,-0.048879384994506836,1.950937271118164,-0.047999799251556396,1.9510233402252197,-0.04888433218002319,-0.048772454261779785,-0.04804152250289917,-0.048693180084228516,-0.04884284734725952,-0.048917531967163086,0.24675410985946655,-0.048783302307128906,1.9510295391082764,1.9508676528930664,1.9510247707366943,1.9509992599487305,-0.04889941215515137,1.951015830039978,1.9508581161499023,-0.048768043518066406,1.9509168863296509,-0.048914313316345215,1.9509450197219849,-0.04891490936279297,-0.04856860637664795,-0.048829078674316406,-0.048842430114746094,1.9503564834594727
-0.039636075496673584,-0.039692044258117676,-0.03969454765319824,-0.03938525915145874,1.9601343870162964,-0.03970170021057129,1.9602179527282715,-0.03960329294204712,-0.03968530893325806,-0.039673686027526855,1.9602532386779785,1.959992527961731,1.959113359451294,-0.03953903913497925,-0.03959935903549194,1.9602240324020386,1.9602298736572266,-0.039587557315826416,1.9602432250976562,1.9601502418518066,-0.03970056772232056,-0.03923267126083374,-0.039642155170440674,1.960174560546875,-0.03876262903213501,1.9602605104446411,-0.03964710235595703,-0.03953540325164795,-0.03880435228347778,-0.039455950260162354,-0.039605677127838135,-0.0396803617477417,0.25599271059036255,-0.03954601287841797,1.9602665901184082,1.9601047039031982,1.9602618217468262,1.9602365493774414,-0.03966224193572998,1.9602530002593994,1.9600952863693237,-0.03953087329864502,1.9601541757583618,-0.03967708349227905,1.9601824283599854,-0.03967773914337158,-0.03933143615722656,-0.03959190845489502,-0.03960525989532471,1.9595937728881836
-0.03134673833847046,-0.031402587890625,-0.03140491247177124,-0.03109562397003174,1.9684237241744995,-0.031412363052368164,1.9685072898864746,-0.031313955783843994,-0.03139585256576538,-0.03138422966003418,1.9685428142547607,1.9682819843292236,1.9674028158187866,-0.031249582767486572,-0.03130978345870972,1.9685133695602417,1.9685192108154297,-0.03129798173904419,1.9685325622558594,1.9684398174285889,-0.03141129016876221,-0.030943214893341064,-0.031352698802948,1.9684638977050781,-0.030473291873931885,1.9685499668121338,-0.03135758638381958,-0.031245887279510498,-0.030514776706695557,-0.031166493892669678,-0.03131622076034546,-0.0313907265663147,0.26428359746932983,-0.03125655651092529,1.9685561656951904,1.9683940410614014,1.9685513973236084,1.9685261249542236,-0.03137260675430298,1.9685423374176025,1.9683847427368164,-0.031241416931152344,1.968443512916565,-0.0313875675201416,1.9684717655181885,-0.031388282775878906,-0.031042039394378662,-0.03130233287811279,-0.03131586313247681,1.9678832292556763
-0.024013042449951172,-0.024069011211395264,-0.02407139539718628,-0.023762226104736328,1.975757360458374,-0.024078726768493652,1.9758408069610596,-0.023980379104614258,-0.024062275886535645,-0.02405083179473877,1.9758765697479248,1.9756157398223877,1.9747364521026611,-0.023916006088256836,-0.02397632598876953,1.9758468866348267,1.9758527278900146,-0.023964524269104004,1.9758660793304443,1.9757733345031738,-0.024077653884887695,-0.023609638214111328,-0.02401900291442871,1.975797414779663,-0.023139595985412598,1.9758834838867188,-0.02402406930923462,-0.02391231060028076,-0.02318131923675537,-0.023832857608795166,-0.023982644081115723,-0.024057328701019287,0.2716185450553894,-0.023923099040985107,1.9758896827697754,1.9757276773452759,1.9758851528167725,1.9758596420288086,-0.02403920888900757,1.9758758544921875,1.9757182598114014,-0.023907721042633057,1.9757773876190186,-0.02405405044555664,1.9758052825927734,-0.024054288864135742,-0.023708462715148926,-0.023968875408172607,-0.02398228645324707,1.9752166271209717
-0.017642498016357422,-0.01769864559173584,-0.017700910568237305,-0.017391622066497803,1.9821279048919678,-0.017708301544189453,1.9822114706039429,-0.017609775066375732,-0.01769179105758667,-0.01768028736114502,1.982246994972229,1.9819862842559814,1.9811068773269653,-0.01754552125930786,-0.017605602741241455,1.9822173118591309,1.9822232723236084,-0.01759403944015503,1.9822368621826172,1.9821438789367676,-0.01770704984664917,-0.017239153385162354,-0.017648518085479736,1.9821679592132568,-0.016768991947174072,1.982253909111023,-0.01765352487564087,-0.01754176616668701,-0.016810715198516846,-0.017462432384490967,-0.017612159252166748,-0.017686903476715088,0.2779899835586548,-0.017552614212036133,1.9822602272033691,1.98209810256958,1.9822555780410767,1.9822299480438232,-0.017668604850769043,1.9822463989257812,1.9820888042449951,-0.017537295818328857,1.9821476936340332,-0.017683446407318115,1.9821758270263672,-0.01768392324447632,-0.0173378586769104,-0.017598390579223633,-0.01761174201965332,1.9815874099731445
-0.012241363525390625,-0.012297391891479492,-0.012299776077270508,-0.011990487575531006,1.987528920173645,-0.01230710744857788,1.9876124858856201,-0.012208938598632812,-0.012290775775909424,-0.012279152870178223,1.9876480102539062,1.9873871803283691,1.9865078926086426,-0.012144386768341064,-0.012204468250274658,1.9876185655593872,1.9876244068145752,-0.012192904949188232,1.9876377582550049,1.9875448942184448,-0.012306034564971924,-0.011838078498840332,-0.01224750280380249,1.9875690937042236,-0.011367976665496826,1.9876551628112793,-0.012252449989318848,-0.01214069128036499,-0.011409580707550049,-0.012061238288879395,-0.012211143970489502,-0.012285709381103516,0.28339266777038574,-0.012151479721069336,1.9876612424850464,1.9874993562698364,1.9876567125320435,1.98763108253479,-0.012267708778381348,1.987647533416748,1.987489938735962,-0.01213616132736206,1.987548828125,-0.012282311916351318,1.9875767230987549,-0.012282788753509521,-0.011936783790588379,-0.012197256088256836,-0.012210667133331299,1.9869884252548218
-0.007815062999725342,-0.007871150970458984,-0.007873356342315674,-0.007564127445220947,1.9919555187225342,-0.007880806922912598,1.9920387268066406,-0.007782399654388428,-0.007864415645599365,-0.007852792739868164,1.9920743703842163,1.9918135404586792,1.9909343719482422,-0.007717907428741455,-0.007778346538543701,1.9920449256896973,1.9920507669448853,-0.007766425609588623,1.9920642375946045,1.9919713735580444,-0.007879674434661865,-0.007411777973175049,-0.007821202278137207,1.9919955730438232,-0.006941497325897217,1.9920815229415894,-0.007826030254364014,-0.007714509963989258,-0.00698322057723999,-0.0076348185539245605,-0.007784664630889893,-0.007859587669372559,0.2878188490867615,-0.007725119590759277,1.9920876026153564,1.9919257164001465,1.9920830726623535,1.9920575618743896,-0.007841348648071289,1.9920740127563477,1.9919164180755615,-0.0077097415924072266,1.9919753074645996,-0.00785595178604126,1.9920032024383545,-0.007856428623199463,-0.0075106024742126465,-0.0077707767486572266,-0.00778430700302124,1.9914145469665527
-0.004367828369140625,-0.004423916339874268,-0.004426121711730957,-0.004116833209991455,1.9954025745391846,-0.0044335126876831055,1.9954860210418701,-0.004335284233093262,-0.0044171810150146484,-0.004405558109283447,1.9955215454101562,1.9952608346939087,1.9943816661834717,-0.004270792007446289,-0.004330873489379883,1.9954919815063477,1.9954981803894043,-0.004319310188293457,1.995511531829834,1.9954185485839844,-0.004432320594787598,-0.003964483737945557,-0.004373908042907715,1.995442509651184,-0.0034942626953125,1.9955286979675293,-0.004378855228424072,-0.004267096519470215,-0.0035361051559448242,-0.0041877031326293945,-0.0043375492095947266,-0.004412055015563965,0.29126667976379395,-0.0042778849601745605,1.995534896850586,1.995373010635376,1.9955302476882935,1.99550461769104,-0.004393875598907471,1.9955211877822876,1.995363473892212,-0.004262566566467285,1.99542236328125,-0.004408776760101318,1.995450496673584,-0.004409193992614746,-0.0040631890296936035,-0.00432354211807251,-0.004337191581726074,1.9948620796203613
-0.0019030570983886719,-0.0019591450691223145,-0.001961350440979004,-0.0016521215438842773,1.9978673458099365,-0.0019687414169311523,1.997950792312622,-0.0018703937530517578,-0.0019524097442626953,-0.0019407868385314941,1.9979863166809082,1.997725486755371,1.9968464374542236,-0.001806020736694336,-0.0018661022186279297,1.9979569911956787,1.9979627132415771,-0.0018544197082519531,1.9979761838912964,1.9978833198547363,-0.0019676685333251953,-0.0014997124671936035,-0.0019091963768005371,1.9979074001312256,-0.0010296106338500977,1.9979934692382812,-0.0019140839576721191,-0.0018023252487182617,-0.001071333885192871,-0.0017229318618774414,-0.0018726587295532227,-0.0019473433494567871,0.293732225894928,-0.0018131136894226074,1.997999668121338,1.997837781906128,1.997995138168335,1.997969627380371,-0.0019292235374450684,1.9979859590530396,1.9978282451629639,-0.0017978549003601074,1.997887134552002,-0.0019439458847045898,1.997915267944336,-0.001944422721862793,-0.0015984177589416504,-0.0018588900566101074,-0.001872420310974121,1.9973266124725342
-0.00042325258255004883,-0.0004792213439941406,-0.00048154592514038086,-0.0001722574234008789,1.99934720993042,-0.0004889369010925293,1.9994306564331055,-0.00039058923721313477,-0.00047260522842407227,-0.0004609823226928711,1.9994663000106812,1.9992053508758545,1.998326301574707,-0.0003262162208557129,-0.0003864169120788574,1.999436616897583,1.9994425773620605,-0.00037485361099243164,1.9994561672210693,1.9993630647659302,-0.00048786401748657227,-1.990795135498047e-05,-0.00042939186096191406,1.999387264251709,0.0004501938819885254,1.9994733333587646,-0.0004342198371887207,-0.00032258033752441406,0.00040858983993530273,-0.00024312734603881836,-0.0003928542137145996,-0.00046753883361816406,0.2952118515968323,-0.0003333091735839844,1.9994792938232422,1.9993175268173218,1.9994747638702393,1.9994494915008545,-0.0004494190216064453,1.999465823173523,1.9993081092834473,-0.0003180503845214844,1.999367117881775,-0.000464022159576416,1.9993950128555298,-0.0004646182060241699,-0.00011861324310302734,-0.0003789663314819336,-0.0003924369812011719,1.9988065958023071
7.021427154541016e-05,1.424551010131836e-05,1.1920928955078125e-05,0.0003211498260498047,1.9998407363891602,4.5299530029296875e-06,1.9999240636825562,0.00010287761688232422,2.09808349609375e-05,3.248453140258789e-05,1.9999597072601318,1.9996988773345947,1.9988197088241577,0.0001671314239501953,0.00010704994201660156,1.9999301433563232,1.9999361038208008,0.0001188516616821289,1.9999494552612305,1.99985671043396,5.7220458984375e-06,0.0004736185073852539,6.413459777832031e-05,1.9998806715011597,0.000943601131439209,1.9999668598175049,5.924701690673828e-05,0.0001710057258605957,0.0009019374847412109,0.0002503395080566406,0.0001004934310913086,2.5928020477294922e-05,0.2957056164741516,0.0001601576805114746,1.999972939491272,1.999811053276062,1.9999682903289795,1.9999428987503052,4.404783248901367e-05,1.9999594688415527,1.9998016357421875,0.00017559528350830078,1.9998605251312256,2.9265880584716797e-05,1.9998884201049805,2.8848648071289062e-05,0.00037491321563720703,0.00011450052261352539,0.00010102987289428711,1.9993000030517578
-0.00042325258255004883,-0.0004792213439941406,-0.00048154592514038086,-0.0001723170280456543,1.99934720993042,-0.0004888772964477539,1.9994306564331055,-0.00039058923721313477,-0.0004724860191345215,-0.0004609823226928711,1.9994663000106812,1.9992053508758545,1.998326301574707,-0.00032633543014526367,-0.0003864169120788574,1.9994367361068726,1.9994425773620605,-0.0003746151924133301,1.9994559288024902,1.9993630647659302,-0.00048792362213134766,-1.9848346710205078e-05,-0.00042933225631713867,1.999387264251709,0.0004501938819885254,1.9994733333587646,-0.0004342198371887207,-0.0003224611282348633,0.00040847063064575195,-0.00024312734603881836,-0.0003929734230041504,-0.00046753883361816406,0.2952120304107666,-0.00033342838287353516,1.9994795322418213,1.9993176460266113,1.9994747638702393,1.9994494915008545,-0.0004494190216064453,1.9994657039642334,1.9993081092834473,-0.000317990779876709,1.9993668794631958,-0.0004642009735107422,1.9993950128555298,-0.0004646182060241699,-0.00011855363845825195,-0.0003789663314819336,-0.0003924369812011719,1.9988065958023071
-0.0019030570983886719,-0.0019590258598327637,-0.001961350440979004,-0.0016521215438842773,1.9978673458099365,-0.0019687414169311523,1.997950792312622,-0.0018703937530517578,-0.0019522905349731445,-0.0019407868385314941,1.9979865550994873,1.9977256059646606,1.9968464374542236,-0.0018061399459838867,-0.0018662214279174805,1.9979569911956787,1.9979628324508667,-0.0018544197082519531,1.9979761838912964,1.9978833198547363,-0.0019675493240356445,-0.0014996528625488281,-0.0019091367721557617,1.9979074001312256,-0.001029670238494873,1.9979934692382812,-0.0019140243530273438,-0.0018022656440734863,-0.001071333885192871,-0.0017229318618774414,-0.0018727779388427734,-0.0019473433494567871,0.29373234510421753,-0.0018131136894226074,1.997999668121338,1.997837781906128,1.9979950189590454,1.997969627380371,-0.0019292235374450684,1.997986078262329,1.9978282451629639,-0.0017976760864257812,1.997887372970581,-0.0019440054893493652,1.997915267944336,-0.001944422721862793,-0.001598358154296875,-0.0018587708473205566,-0.001872241497039795,1.9973268508911133
-0.004367828369140625,-0.004423797130584717,-0.004426121711730957,-0.004116833209991455,1.9954025745391846,-0.0044335126876831055,1.9954860210418701,-0.004335165023803711,-0.0044171810150146484,-0.004405558109283447,1.9955217838287354,1.9952607154846191,1.9943816661834717,-0.004270792007446289,-0.004330992698669434,1.9954921007156372,1.9954979419708252,-0.004319429397583008,1.995511531829834,1.9954185485839844,-0.0044324398040771484,-0.003964483737945557,-0.00437396764755249,1.9954426288604736,-0.0034943819046020508,1.9955286979675293,-0.004378795623779297,-0.00426715612411499,-0.0035359859466552734,-0.0041877031326293945,-0.004337430000305176,-0.00441211462020874,0.2912672758102417,-0.0042778849601745605,1.9955347776412964,1.995373010635376,1.9955302476882935,1.9955048561096191,-0.0043939948081970215,1.9955213069915771,1.995363473892212,-0.0042626261711120605,1.995422601699829,-0.004408597946166992,1.995450496673584,-0.004409193992614746,-0.0040631890296936035,-0.00432354211807251,-0.004337012767791748,1.9948620796203613
-0.007815062999725342,-0.007871150970458984,-0.007873356342315674,-0.007564127445220947,1.9919553995132446,-0.007880687713623047,1.9920387268066406,-0.007782399654388428,-0.007864534854888916,-0.00785285234451294,1.9920743703842163,1.9918136596679688,1.9909343719482422,-0.007717907428741455,-0.00777822732925415,1.9920449256896973,1.9920508861541748,-0.007766425609588623,1.9920642375946045,1.9919712543487549,-0.007879674434661865,-0.0074117183685302734,-0.00782102346420288,1.9919953346252441,-0.006941616535186768,1.9920815229415894,-0.007826089859008789,-0.007714390754699707,-0.006983339786529541,-0.007635056972503662,-0.007784783840179443,-0.007859230041503906,0.2878192663192749,-0.007725119590759277,1.9920876026153564,1.9919257164001465,1.9920830726623535,1.9920574426651,-0.007841229438781738,1.9920740127563477,1.991916298866272,-0.007709801197052002,1.9919750690460205,-0.007856011390686035,1.992003321647644,-0.007856309413909912,-0.0075106024742126465,-0.007770955562591553,-0.007784426212310791,1.9914146661758423
-0.0122414231300354,-0.012297511100769043,-0.012299716472625732,-0.01199042797088623,1.9875290393829346,-0.01230710744857788,1.9876124858856201,-0.012208878993988037,-0.012290775775909424,-0.012279152870178223,1.9876480102539062,1.9873871803283691,1.9865081310272217,-0.012144386768341064,-0.012204468250274658,1.9876184463500977,1.9876246452331543,-0.012192904949188232,1.987637996673584,1.9875448942184448,-0.012305915355682373,-0.011838078498840332,-0.01224750280380249,1.9875688552856445,-0.011367857456207275,1.9876551628112793,-0.012252449989318848,-0.01214069128036499,-0.0114096999168396,-0.01206129789352417,-0.012211143970489502,-0.01228564977645874,0.28339308500289917,-0.012151479721069336,1.9876612424850464,1.987499475479126,1.987656593322754,1.98763108253479,-0.012267470359802246,1.987647533416748,1.987489938735962,-0.01213616132736206,1.987548828125,-0.012282371520996094,1.987576961517334,-0.012282788753509521,-0.011936783790588379,-0.012197136878967285,-0.01221078634262085,1.9869885444641113
-0.017642557621002197,-0.01769864559173584,-0.01770085096359253,-0.017391622066497803,1.9821280241012573,-0.017708301544189453,1.9822113513946533,-0.017609894275665283,-0.01769191026687622,-0.01768028736114502,1.9822468757629395,1.9819860458374023,1.9811069965362549,-0.01754540205001831,-0.017605841159820557,1.9822174310684204,1.9822232723236084,-0.01759392023086548,1.982236623764038,1.9821438789367676,-0.01770716905593872,-0.017239272594451904,-0.017648696899414062,1.9821679592132568,-0.016768991947174072,1.9822540283203125,-0.01765352487564087,-0.017542004585266113,-0.016810715198516846,-0.017462313175201416,-0.017612159252166748,-0.017687082290649414,0.2779913544654846,-0.017552614212036133,1.9822602272033691,1.9820982217788696,1.9822555780410767,1.9822301864624023,-0.017668843269348145,1.9822465181350708,1.9820888042449951,-0.017537236213684082,1.9821478128433228,-0.017683446407318115,1.9821757078170776,-0.01768392324447632,-0.017338097095489502,-0.017598271369934082,-0.017611801624298096,1.9815871715545654
-0.024012982845306396,-0.024069011211395264,-0.02407139539718628,-0.023762106895446777,1.975757360458374,-0.024078726768493652,1.9758408069610596,-0.023980557918548584,-0.024062395095825195,-0.024050772190093994,1.9758763313293457,1.9756157398223877,1.9747363328933716,-0.023916006088256836,-0.02397608757019043,1.9758470058441162,1.9758528470993042,-0.023964524269104004,1.9758661985397339,1.9757733345031738,-0.024077653884887695,-0.02360975742340088,-0.02401912212371826,1.975797414779663,-0.023139595985412598,1.9758836030960083,-0.02402406930923462,-0.023912370204925537,-0.02318120002746582,-0.02383291721343994,-0.023982644081115723,-0.024057388305664062,0.27162057161331177,-0.023923218250274658,1.9758896827697754,1.9757276773452759,1.9758851528167725,1.9758596420288086,-0.024039089679718018,1.9758758544921875,1.975718379020691,-0.023907780647277832,1.9757771492004395,-0.024053990840911865,1.975805401802063,-0.024054408073425293,-0.02370840311050415,-0.023968875408172607,-0.02398228645324707,1.9752168655395508
-0.03134655952453613,-0.031402587890625,-0.031404972076416016,-0.031095683574676514,1.968423843383789,-0.03141224384307861,1.9685074090957642,-0.03131383657455444,-0.03139585256576538,-0.03138434886932373,1.9685426950454712,1.9682822227478027,1.9674028158187866,-0.03124946355819702,-0.031309664249420166,1.9685133695602417,1.9685194492340088,-0.03129810094833374,1.9685328006744385,1.9684398174285889,-0.03141111135482788,-0.030943334102630615,-0.03135275840759277,1.9684638977050781,-0.030473053455352783,1.9685499668121338,-0.03135758638381958,-0.03124600648880005,-0.030514895915985107,-0.031166493892669678,-0.03131622076034546,-0.0313909649848938,0.2642858624458313,-0.031256675720214844,1.9685561656951904,1.9683940410614014,1.9685516357421875,1.9685258865356445,-0.031372666358947754,1.9685423374176025,1.9683847427368164,-0.031241416931152344,1.9684436321258545,-0.031387507915496826,1.9684717655181885,-0.03138810396194458,-0.03104192018508911,-0.031302452087402344,-0.03131580352783203,1.9678833484649658
-0.039636075496673584,-0.039692044258117676,-0.03969442844390869,-0.03938525915145874,1.9601342678070068,-0.039701759815216064,1.960217833518982,-0.03960341215133667,-0.03968530893325806,-0.03967386484146118,1.9602534770965576,1.9599926471710205,1.959113359451294,-0.03953903913497925,-0.03959935903549194,1.960223913192749,1.960229754447937,-0.039587557315826416,1.9602431058883667,1.9601503610610962,-0.03970068693161011,-0.03923267126083374,-0.03964203596115112,1.960174322128296,-0.03876262903213501,1.9602603912353516,-0.03964710235595703,-0.039535343647003174,-0.03880435228347778,-0.03945589065551758,-0.039605677127838135,-0.0396803617477417,0.255995512008667,-0.03954613208770752,1.9602667093276978,1.9601047039031982,1.9602620601654053,1.9602365493774414,-0.03966224193572998,1.9602527618408203,1.9600951671600342,-0.03953075408935547,1.9601542949676514,-0.03967708349227905,1.9601821899414062,-0.039677321910858154,-0.03933149576187134,-0.03959190845489502,-0.03960531949996948,1.959593653678894
-0.04887336492538452,-0.04892921447753906,-0.0489315390586853,-0.0486222505569458,1.9508970975875854,-0.04893898963928223,1.9509806632995605,-0.04884058237075806,-0.04892247915267944,-0.04891085624694824,1.9510161876678467,1.9507553577423096,1.9498761892318726,-0.048776090145111084,-0.04883641004562378,1.9509867429733276,1.9509925842285156,-0.04882460832595825,1.9510059356689453,1.9509131908416748,-0.04893791675567627,-0.04846984148025513,-0.04887932538986206,1.950937271118164,-0.047999680042266846,1.9510233402252197,-0.04888421297073364,-0.04877251386642456,-0.04804140329360962,-0.04869312047958374,-0.04884284734725952,-0.04891735315322876,0.24675685167312622,-0.048783302307128906,1.9510295391082764,1.9508674144744873,1.9510247707366943,1.9509994983673096,-0.04889923334121704,1.9510157108306885,1.9508581161499023,-0.048767924308776855,1.9509168863296509,-0.048914194107055664,1.9509451389312744,-0.04891490936279297,-0.048568665981292725,-0.048828959465026855,-0.04884248971939087,1.9503566026687622
-0.059049010276794434,-0.059104979038238525,-0.05910748243331909,-0.05879819393157959,1.9407215118408203,-0.05911463499069214,1.9408049583435059,-0.05901622772216797,-0.059098243713378906,-0.059086620807647705,1.940840244293213,1.9405796527862549,1.9397004842758179,-0.0589519739151001,-0.05901229381561279,1.9408111572265625,1.940816879272461,-0.059000492095947266,1.9408303499221802,1.940737247467041,-0.059113502502441406,-0.05864560604095459,-0.05905508995056152,1.9407615661621094,-0.05817556381225586,1.940847635269165,-0.05906003713607788,-0.0589483380317688,-0.05821728706359863,-0.0588688850402832,-0.059018611907958984,-0.05909329652786255,0.2365797758102417,-0.05895894765853882,1.9408537149429321,1.9406917095184326,1.94084894657135,1.9408235549926758,-0.05907517671585083,1.9408400058746338,1.9406824111938477,-0.05894380807876587,1.9407413005828857,-0.0590900182723999,1.9407694339752197,-0.05909067392349243,-0.05874437093734741,-0.05900484323501587,-0.05901819467544556,1.940180778503418
-0.07015329599380493,-0.07020938396453857,-0.07021147012710571,-0.06990236043930054,1.9296172857284546,-0.07021898031234741,1.9297006130218506,-0.07012063264846802,-0.0702025294303894,-0.07019108533859253,1.9297362565994263,1.9294753074645996,1.9285962581634521,-0.0700562596321106,-0.07011634111404419,1.9297066926956177,1.9297125339508057,-0.07010477781295776,1.9297261238098145,1.9296331405639648,-0.07021790742874146,-0.06974989175796509,-0.0701594352722168,1.929657220840454,-0.06927984952926636,1.9297435283660889,-0.07016438245773315,-0.07005274295806885,-0.06932145357131958,-0.06997311115264893,-0.07012289762496948,-0.07019758224487305,0.22547346353530884,-0.07006323337554932,1.9297493696212769,1.9295876026153564,1.9297447204589844,1.9297194480895996,-0.07017946243286133,1.929735779762268,1.9295780658721924,-0.07004809379577637,1.9296369552612305,-0.07019424438476562,1.9296650886535645,-0.07019484043121338,-0.06984871625900269,-0.07010912895202637,-0.07012253999710083,1.9290765523910522
-0.08217507600784302,-0.08223110437393188,-0.08223330974578857,-0.08192431926727295,1.9175951480865479,-0.08224064111709595,1.9176788330078125,-0.08214247226715088,-0.08222448825836182,-0.08221274614334106,1.9177141189575195,1.917453646659851,1.916574239730835,-0.08207809925079346,-0.0821382999420166,1.91768479347229,1.9176908731460571,-0.08212649822235107,1.9177043437957764,1.9176111221313477,-0.08223980665206909,-0.08177173137664795,-0.08218127489089966,1.917635202407837,-0.08130156993865967,1.9177215099334717,-0.08218622207641602,-0.08207446336746216,-0.08134329319000244,-0.08199501037597656,-0.0821448564529419,-0.08221942186355591,0.21345067024230957,-0.08208519220352173,1.9177277088165283,1.9175655841827393,1.9177229404449463,1.917697548866272,-0.08220130205154419,1.91771399974823,1.9175562858581543,-0.08206981420516968,1.9176151752471924,-0.08221614360809326,1.9176431894302368,-0.08221668004989624,-0.081870436668396,-0.08213096857070923,-0.08214432001113892,1.9170546531677246
-0.09510266780853271,-0.09515857696533203,-0.0951610803604126,-0.0948517918586731,1.904667615890503,-0.09516841173171997,1.904751181602478,-0.09507006406784058,-0.09515196084976196,-0.09514051675796509,1.9047868251800537,1.9045259952545166,1.90364670753479,-0.09500569105148315,-0.0950658917427063,1.904757022857666,1.9047632217407227,-0.09505409002304077,1.9047765731811523,1.9046835899353027,-0.09516721963882446,-0.09469932317733765,-0.09510886669158936,1.904707670211792,-0.09422928094863892,1.9047939777374268,-0.09511381387710571,-0.09500199556350708,-0.09427088499069214,-0.09492260217666626,-0.09507232904434204,-0.0951470136642456,0.20052039623260498,-0.09501278400421143,1.9047999382019043,1.9046380519866943,1.9047951698303223,1.904769778251648,-0.09512889385223389,1.9047863483428955,1.9046286344528198,-0.09499746561050415,1.904687523841858,-0.09514367580413818,1.9047155380249023,-0.09514427185058594,-0.09479790925979614,-0.0950586199760437,-0.09507191181182861,1.9041272401809692
-0.10892337560653687,-0.10897934436798096,-0.10898160934448242,-0.10867232084274292,1.890847086906433,-0.10898876190185547,1.890930414199829,-0.10889071226119995,-0.10897260904312134,-0.10896104574203491,1.8909661769866943,1.8907055854797363,1.8898261785507202,-0.10882610082626343,-0.10888630151748657,1.8909366130828857,1.8909428119659424,-0.10887473821640015,1.890955924987793,1.890863060951233,-0.10898774862289429,-0.10851991176605225,-0.10892939567565918,1.8908872604370117,-0.10804992914199829,1.8909733295440674,-0.10893428325653076,-0.1088225245475769,-0.10809141397476196,-0.10874319076538086,-0.10889297723770142,-0.10896766185760498,0.18669754266738892,-0.10883331298828125,1.890979528427124,1.890817642211914,1.890974760055542,1.8909492492675781,-0.10894930362701416,1.8909658193588257,1.89080810546875,-0.10881799459457397,1.890866994857788,-0.10896414518356323,1.8908950090408325,-0.10896480083465576,-0.10861861705780029,-0.10887926816940308,-0.10889244079589844,1.8903065919876099
-0.1236230731010437,-0.12367910146713257,-0.12368148565292358,-0.12337219715118408,1.8761472702026367,-0.12368881702423096,1.8762307167053223,-0.12359058856964111,-0.1236722469329834,-0.12366104125976562,1.876266360282898,1.8760055303573608,1.8751263618469238,-0.12352609634399414,-0.12358629703521729,1.8762367963790894,1.8762426376342773,-0.12357449531555176,1.876255989074707,1.8761632442474365,-0.12368780374526978,-0.12321978807449341,-0.12362921237945557,1.8761873245239258,-0.1227496862411499,1.8762733936309814,-0.12363433837890625,-0.12352240085601807,-0.12279117107391357,-0.12344300746917725,-0.12359297275543213,-0.12366735935211182,0.1719951629638672,-0.12353318929672241,1.876279592514038,1.8761175870895386,1.8762750625610352,1.8762494325637817,-0.12364912033081055,1.8762660026550293,1.876108169555664,-0.12351793050765991,1.8761670589447021,-0.12366408109664917,1.8761951923370361,-0.12366467714309692,-0.12331855297088623,-0.12357896566390991,-0.12359243631362915,1.8756067752838135
-0.13918769359588623,-0.1392437219619751,-0.13924622535705566,-0.13893693685531616,1.860582709312439,-0.1392534375190735,1.8606661558151245,-0.1391550898551941,-0.13923722505569458,-0.13922548294067383,1.8607017993927002,1.860440969467163,1.8595616817474365,-0.13909059762954712,-0.13915091753005981,1.8606722354888916,1.8606781959533691,-0.1391391158103943,1.8606915473937988,1.8605986833572388,-0.13925236463546753,-0.1387844681739807,-0.13919371366500854,1.860622763633728,-0.13831442594528198,1.8607087135314941,-0.13919883966445923,-0.1390870213508606,-0.13835585117340088,-0.139007568359375,-0.13915735483169556,-0.13923192024230957,0.1564273238182068,-0.13909780979156494,1.8607149124145508,1.86055326461792,1.8607105016708374,1.860684871673584,-0.13921374082565308,1.860701322555542,1.8605434894561768,-0.13908249139785767,1.860602617263794,-0.1392287015914917,1.8606305122375488,-0.13922911882400513,-0.13888299465179443,-0.13914358615875244,-0.13915705680847168,1.8600420951843262
-0.1556018590927124,-0.1556578278541565,-0.1556602120399475,-0.15535098314285278,1.8441684246063232,-0.15566754341125488,1.8442519903182983,-0.15556931495666504,-0.15565109252929688,-0.15563958883285522,1.844287633895874,1.844026803970337,1.8431477546691895,-0.15550482273101807,-0.15556490421295166,1.8442580699920654,1.8442641496658325,-0.15555322170257568,1.8442775011062622,1.844184398651123,-0.15566635131835938,-0.15519851446151733,-0.15560781955718994,1.8442085981369019,-0.15472835302352905,1.8442946672439575,-0.15561288595199585,-0.155501127243042,-0.15476995706558228,-0.15542173385620117,-0.15557146072387695,-0.15564608573913574,0.1400088667869568,-0.1555117964744568,1.8443007469177246,1.8441388607025146,1.8442959785461426,1.8442708253860474,-0.15562790632247925,1.8442871570587158,1.8441295623779297,-0.1554965376853943,1.8441884517669678,-0.15564274787902832,1.8442163467407227,-0.15564334392547607,-0.15529710054397583,-0.15555769205093384,-0.15557092428207397,1.8436279296875
-0.17284917831420898,-0.1729050874710083,-0.17290771007537842,-0.17259842157363892,1.8269211053848267,-0.17291486263275146,1.8270044326782227,-0.1728166937828064,-0.17289859056472778,-0.17288684844970703,1.827040195465088,1.8267794847488403,1.8259003162384033,-0.17275220155715942,-0.17281228303909302,1.8270107507705688,1.827016830444336,-0.17280060052871704,1.8270301818847656,1.826937198638916,-0.17291384935379028,-0.17244571447372437,-0.17285549640655518,1.8269612789154053,-0.17197585105895996,1.827047348022461,-0.17286032438278198,-0.17274844646453857,-0.17201721668243408,-0.1726691722869873,-0.17281895875930786,-0.17289340496063232,0.12275713682174683,-0.1727592945098877,1.8270535469055176,1.8268916606903076,1.827048897743225,1.8270235061645508,-0.1728752851486206,1.8270397186279297,1.826882004737854,-0.17274385690689087,1.8269411325454712,-0.17289018630981445,1.8269691467285156,-0.17289090156555176,-0.1725446581840515,-0.1728050708770752,-0.17281854152679443,1.826380729675293
-0.19091278314590454,-0.19096875190734863,-0.1909712553024292,-0.19066190719604492,1.8088574409484863,-0.19097846746444702,1.808941125869751,-0.19088011980056763,-0.190962016582489,-0.1909503936767578,1.808976650238037,1.8087159395217896,1.8078367710113525,-0.19081562757492065,-0.19087594747543335,1.808947205543518,1.808953046798706,-0.19086414575576782,1.8089663982391357,1.8088735342025757,-0.1909772753715515,-0.19050943851470947,-0.1909189224243164,1.8088977336883545,-0.1900395154953003,1.8089838027954102,-0.19092386960983276,-0.1908121109008789,-0.19008088111877441,-0.1907326579093933,-0.1908823847770691,-0.19095700979232788,0.10468882322311401,-0.19082295894622803,1.8089897632598877,1.8088279962539673,1.8089852333068848,1.8089599609375,-0.1909387707710266,1.8089762926101685,1.8088185787200928,-0.19080746173858643,1.8088774681091309,-0.19095385074615479,1.8089056015014648,-0.1909542679786682,-0.1906082034111023,-0.19086861610412598,-0.19088208675384521,1.8083171844482422
-0.20977479219436646,-0.2098308801651001,-0.2098332643508911,-0.20952391624450684,1.7899954319000244,-0.2098402976989746,1.790079116821289,-0.20974212884902954,-0.20982414484024048,-0.20981252193450928,1.7901146411895752,1.789853811264038,1.7889747619628906,-0.20967763662338257,-0.2097378373146057,1.7900851964950562,1.7900912761688232,-0.2097262740135193,1.790104627609253,1.7900116443634033,-0.20983940362930298,-0.20937150716781616,-0.20978093147277832,1.7900354862213135,-0.2089015245437622,1.7901217937469482,-0.20978575944900513,-0.20967406034469604,-0.20894277095794678,-0.2095947265625,-0.209744393825531,-0.2098190188407898,0.08582115173339844,-0.2096848487854004,1.7901278734207153,1.7899659872055054,1.7901233434677124,1.790097951889038,-0.20980095863342285,1.790114164352417,1.7899565696716309,-0.20966947078704834,1.7900153398513794,-0.20981568098068237,1.790043592453003,-0.2098163366317749,-0.20947015285491943,-0.20973068475723267,-0.2097441554069519,1.7894549369812012
-0.22941654920578003,-0.22947251796722412,-0.22947490215301514,-0.2291659116744995,1.7703537940979004,-0.2294822335243225,1.770437240600586,-0.22938388586044312,-0.2294660210609436,-0.22945433855056763,1.7704730033874512,1.7702120542526245,1.7693331241607666,-0.22931939363479614,-0.2293798327445984,1.7704434394836426,1.7704493999481201,-0.22936803102493286,1.7704627513885498,1.7703697681427002,-0.229481041431427,-0.2290130853652954,-0.2294226884841919,1.770393967628479,-0.22854328155517578,1.7704799175262451,-0.22942757606506348,-0.22931599617004395,-0.2285844087600708,-0.2292364239692688,-0.22938627004623413,-0.2294607162475586,0.06617283821105957,-0.22932660579681396,1.7704861164093018,1.7703242301940918,1.7704815864562988,1.7704559564590454,-0.22944247722625732,1.770472526550293,1.7703146934509277,-0.2293112874031067,1.7703739404678345,-0.2294575572013855,1.7704017162322998,-0.22945815324783325,-0.22911179065704346,-0.22937244176864624,-0.2293858528137207,1.7698135375976562
-0.24981874227523804,-0.24987471103668213,-0.24987733364105225,-0.24956786632537842,1.7499514818191528,-0.24988442659378052,1.750035047531128,-0.24978607892990112,-0.24986809492111206,-0.24985641241073608,1.750070571899414,1.7498098611831665,1.7489306926727295,-0.2497217059135437,-0.2497817873954773,1.7500412464141846,1.750047206878662,-0.24977034330368042,1.7500605583190918,1.7499676942825317,-0.249883234500885,-0.24941545724868774,-0.24982470273971558,1.7499916553497314,-0.24894559383392334,1.7500779628753662,-0.24982976913452148,-0.24971801042556763,-0.24898666143417358,-0.24963879585266113,-0.24978846311569214,-0.24986320734024048,0.045762598514556885,-0.24972891807556152,1.7500839233398438,1.7499221563339233,1.7500793933868408,1.750053882598877,-0.24984490871429443,1.750070571899414,1.7499127388000488,-0.2497134804725647,1.7499715089797974,-0.24985969066619873,1.7499995231628418,-0.2498602271080017,-0.24951410293579102,-0.24977457523345947,-0.2497880458831787,1.7494113445281982
-0.2709611654281616,-0.2710171341896057,-0.27101951837539673,-0.2707103490829468,1.7288092374801636,-0.2710267901420593,1.7288928031921387,-0.27092862129211426,-0.2710106372833252,-0.2709987759590149,1.7289283275604248,1.7286674976348877,1.7277884483337402,-0.27086400985717773,-0.27092432975769043,1.7288987636566162,1.7289049625396729,-0.2709125280380249,1.7289180755615234,1.728825330734253,-0.27102577686309814,-0.270557701587677,-0.2709672451019287,1.728849172592163,-0.2700880765914917,1.7289354801177979,-0.27097219228744507,-0.270860493183136,-0.2701289653778076,-0.2707810401916504,-0.27093076705932617,-0.2710055112838745,0.02461141347885132,-0.27087122201919556,1.7289414405822754,1.7287797927856445,1.7289369106292725,1.7289113998413086,-0.2709871530532837,1.7289278507232666,1.728770136833191,-0.2708558440208435,1.7288291454315186,-0.2710021138191223,1.7288570404052734,-0.27100276947021484,-0.27065640687942505,-0.27091699838638306,-0.2709304690361023,1.7282688617706299
-0.29282283782958984,-0.2928791046142578,-0.2928813695907593,-0.2925723195075989,1.7069473266601562,-0.2928886413574219,1.7070307731628418,-0.29279035329818726,-0.2928723692893982,-0.292860746383667,1.707066297531128,1.7068055868148804,1.705926537513733,-0.2927258610725403,-0.292786180973053,1.7070369720458984,1.707042932510376,-0.29277437925338745,1.7070562839508057,1.7069634199142456,-0.2928876280784607,-0.2924197316169739,-0.2928290367126465,1.7069873809814453,-0.29194992780685425,1.70707368850708,-0.2928340435028076,-0.29272234439849854,-0.29199081659317017,-0.2926429510116577,-0.29279273748397827,-0.2928673028945923,0.0027385354042053223,-0.2927330732345581,1.7070796489715576,1.7069178819656372,1.7070751190185547,1.7070494890213013,-0.29284918308258057,1.7070660591125488,1.7069083452224731,-0.29271775484085083,1.7069673538208008,-0.29286402463912964,1.7069952487945557,-0.2928643822669983,-0.2925183176994324,-0.2927789092063904,-0.2927922010421753,1.7064069509506226
-0.3153826594352722,-0.31543850898742676,-0.31544095277786255,-0.31513190269470215,1.6843876838684082,-0.3154482841491699,1.6844711303710938,-0.31535011529922485,-0.3154318332672119,-0.3154202699661255,1.6845066547393799,1.6842459440231323,1.6833670139312744,-0.3152855634689331,-0.315345823764801,1.6844772100448608,1.6844831705093384,-0.3153340220451355,1.6844966411590576,1.6844037771224976,-0.31544727087020874,-0.3149791955947876,-0.3153887987136841,1.6844277381896973,-0.31450968980789185,1.684513807296753,-0.31539374589920044,-0.3152819871902466,-0.3145504593849182,-0.3152027130126953,-0.31535226106643677,-0.3154270052909851,-0.019833266735076904,-0.3152925968170166,1.6845200061798096,1.6843582391738892,1.6845157146453857,1.6844899654388428,-0.3154088258743286,1.6845064163208008,1.6843485832214355,-0.3152772784233093,1.6844075918197632,-0.3154236674308777,1.6844356060028076,-0.31542426347732544,-0.3150779604911804,-0.31533849239349365,-0.3153519630432129,1.6838476657867432
-0.3386179208755493,-0.33867377042770386,-0.338676393032074,-0.338367223739624,1.6611524820327759,-0.338683545589447,1.661236047744751,-0.3385852575302124,-0.3386671543121338,-0.33865565061569214,1.661271572113037,1.6610106229782104,1.6601316928863525,-0.33852070569992065,-0.3385810852050781,1.6612420082092285,1.661247968673706,-0.33856940269470215,1.6612615585327148,1.6611685752868652,-0.3386825919151306,-0.3382144570350647,-0.3386240601539612,1.6611926555633545,-0.3377450108528137,1.6612787246704102,-0.33862900733947754,-0.33851730823516846,-0.33778566122055054,-0.3384379744529724,-0.33858752250671387,-0.3386620283126831,-0.0430830717086792,-0.3385280966758728,1.6612849235534668,1.6611227989196777,1.6612802743911743,1.661254644393921,-0.3386440873146057,1.6612712144851685,1.6611135005950928,-0.3385125994682312,1.6611723899841309,-0.33865875005722046,1.6612002849578857,-0.338659405708313,-0.3383132219314575,-0.33857375383377075,-0.33858728408813477,1.6606123447418213
-0.3625057339668274,-0.3625618815422058,-0.3625642657279968,-0.36225515604019165,1.6372644901275635,-0.36257147789001465,1.6373481750488281,-0.36247313022613525,-0.36255496740341187,-0.36254358291625977,1.6373835802078247,1.637122631072998,1.6362438201904297,-0.3624085783958435,-0.362468957901001,1.6373541355133057,1.6373600959777832,-0.36245715618133545,1.637373447418213,1.6372807025909424,-0.36257028579711914,-0.36210232973098755,-0.3625118136405945,1.6373045444488525,-0.3616330027580261,1.6373908519744873,-0.3625168204307556,-0.362405002117157,-0.36167341470718384,-0.3623257875442505,-0.3624753952026367,-0.36255019903182983,-0.0669870376586914,-0.36241596937179565,1.6373969316482544,1.637235164642334,1.637392282485962,1.6373668909072876,-0.362531840801239,1.637383222579956,1.63722562789917,-0.36240047216415405,1.637284517288208,-0.3625466823577881,1.6373125314712524,-0.36254727840423584,-0.3622010350227356,-0.3624616861343384,-0.3624749779701233,1.6367244720458984
-0.3870226740837097,-0.38707858324050903,-0.3870810270309448,-0.3867720365524292,1.612747311592102,-0.387088418006897,1.6128311157226562,-0.3869900703430176,-0.3870718479156494,-0.3870605230331421,1.6128668785095215,1.6126058101654053,1.611726999282837,-0.38692551851272583,-0.3869858980178833,1.612837314605713,1.6128432750701904,-0.3869740962982178,1.6128568649291992,1.6127636432647705,-0.3870874047279358,-0.3866193890571594,-0.3870288133621216,1.6127874851226807,-0.3861500024795532,1.612873911857605,-0.38703370094299316,-0.38692206144332886,-0.3861902952194214,-0.3868427276611328,-0.3869922161102295,-0.38706696033477783,-0.09152376651763916,-0.38693302869796753,1.612879991531372,1.612718105316162,1.6128754615783691,1.6128499507904053,-0.38704872131347656,1.6128661632537842,1.612708568572998,-0.3869173526763916,1.6127674579620361,-0.3870636820793152,1.6127954721450806,-0.3870640993118286,-0.3867179751396179,-0.3869785666465759,-0.38699203729629517,1.6122076511383057
-0.4121444821357727,-0.4122005105018616,-0.4122028946876526,-0.41189396381378174,1.5876257419586182,-0.4122103452682495,1.5877090692520142,-0.41211187839508057,-0.41219377517700195,-0.4121823310852051,1.587744951248169,1.5874838829040527,1.5866053104400635,-0.4120473265647888,-0.4121077060699463,1.5877153873443604,1.5877214670181274,-0.41209590435028076,1.5877346992492676,1.5876418352127075,-0.41220903396606445,-0.41174107789993286,-0.4121508002281189,1.5876657962799072,-0.4112721085548401,1.587752103805542,-0.4121555685997009,-0.41204386949539185,-0.4113119840621948,-0.41196465492248535,-0.41211408376693726,-0.4121887683868408,-0.11666858196258545,-0.4120545983314514,1.5877583026885986,1.5875964164733887,1.5877536535263062,1.5877280235290527,-0.4121707081794739,1.5877447128295898,1.5875868797302246,-0.4120391011238098,1.5876457691192627,-0.4121854305267334,1.587673544883728,-0.4121858477592468,-0.41183972358703613,-0.4121003746986389,-0.4121139645576477,1.5870858430862427
-0.4378465414047241,-0.4379022717475891,-0.43790489435195923,-0.43759584426879883,1.5619237422943115,-0.43791210651397705,1.5620074272155762,-0.4378138780593872,-0.43789559602737427,-0.4378840923309326,1.5620429515838623,1.5617821216583252,1.5609033107757568,-0.43774908781051636,-0.43780970573425293,1.5620136260986328,1.5620193481445312,-0.43779778480529785,1.56203293800354,1.56194007396698,-0.4379109740257263,-0.4374430775642395,-0.43785250186920166,1.5619637966156006,-0.4369741678237915,1.5620501041412354,-0.437857449054718,-0.4377458691596985,-0.4370136857032776,-0.43766653537750244,-0.43781590461730957,-0.43789052963256836,-0.14239662885665894,-0.43775659799575806,1.562056303024292,1.561894178390503,1.56205153465271,1.5620261430740356,-0.43787258863449097,1.5620427131652832,1.561884880065918,-0.4377409815788269,1.5619440078735352,-0.4378873109817505,1.561971664428711,-0.43788808584213257,-0.43754154443740845,-0.4378023147583008,-0.43781572580337524,1.5613839626312256
-0.46410292387008667,-0.4641590714454651,-0.46416133642196655,-0.46385252475738525,1.5356669425964355,-0.4641687273979187,1.5357508659362793,-0.46407032012939453,-0.46415209770202637,-0.4641405940055847,1.5357863903045654,1.5355253219604492,1.53464674949646,-0.46400558948516846,-0.4640662670135498,1.535757064819336,1.535762906074524,-0.46405428647994995,1.535776138305664,1.5356836318969727,-0.4641674757003784,-0.46369946002960205,-0.46410906314849854,1.5357074737548828,-0.4632306694984436,1.5357935428619385,-0.4641140103340149,-0.46400249004364014,-0.46327006816864014,-0.4639231562614441,-0.46407240629196167,-0.4641472101211548,-0.1686840057373047,-0.4640130400657654,1.535799503326416,1.5356378555297852,1.5357950925827026,1.5357697010040283,-0.46412914991378784,1.5357861518859863,1.535628318786621,-0.463997483253479,1.5356872081756592,-0.46414393186569214,1.5357152223587036,-0.46414464712142944,-0.4637981653213501,-0.46405869722366333,-0.4640722870826721,1.5351275205612183
-0.49088841676712036,-0.4909443259239197,-0.4909467101097107,-0.49063801765441895,1.5088815689086914,-0.4909539222717285,1.5089654922485352,-0.49085569381713867,-0.49093741178512573,-0.4909261465072632,1.5090012550354004,1.5087400674819946,1.5078614950180054,-0.49079084396362305,-0.49085164070129395,1.5089714527130127,1.5089776515960693,-0.4908396005630493,1.50899076461792,1.5088982582092285,-0.49095290899276733,-0.49048495292663574,-0.4908944368362427,1.5089221000671387,-0.4900163412094116,1.5090081691741943,-0.49089938402175903,-0.4907878637313843,-0.4900553822517395,-0.490708589553833,-0.4908577799797058,-0.4909326434135437,-0.1955060362815857,-0.4907984137535095,1.509014368057251,1.508852481842041,1.5090097188949585,1.5089843273162842,-0.49091458320617676,1.5090007781982422,1.508842945098877,-0.4907829165458679,1.5089020729064941,-0.49092942476272583,1.50892972946167,-0.4909297227859497,-0.4905834197998047,-0.490844190120697,-0.49085766077041626,1.5083422660827637
-0.5181761980056763,-0.5182321071624756,-0.5182344913482666,-0.5179259777069092,1.4815936088562012,-0.5182417631149292,1.4816776514053345,-0.5181435346603394,-0.5182251930236816,-0.5182138681411743,1.4817131757736206,1.481452226638794,1.4805737733840942,-0.5180786848068237,-0.5181393623352051,1.481683611869812,1.4816898107528687,-0.5181273221969604,1.481703281402588,1.4816105365753174,-0.5182406902313232,-0.5177725553512573,-0.5181821584701538,1.4816341400146484,-0.517304539680481,1.4817205667495728,-0.5181871652603149,-0.5180755853652954,-0.5173425674438477,-0.5179964303970337,-0.5181454420089722,-0.5182203054428101,-0.222835510969162,-0.5180861949920654,1.4817265272140503,1.4815647602081299,1.4817218780517578,1.481696605682373,-0.5182023048400879,1.4817129373550415,1.4815552234649658,-0.5180705785751343,1.481614351272583,-0.5182169675827026,1.4816420078277588,-0.5182174444198608,-0.5178711414337158,-0.5181319713592529,-0.5181454420089722,1.4810547828674316
-0.5459394454956055,-0.5459953546524048,-0.5459976196289062,-0.5456892251968384,1.4538304805755615,-0.5460050106048584,1.4539144039154053,-0.5459067821502686,-0.5459883213043213,-0.545976996421814,1.4539501667022705,1.4536888599395752,1.452810525894165,-0.5458415746688843,-0.5459026098251343,1.453920602798462,1.453926682472229,-0.5458905696868896,1.4539400339126587,1.4538474082946777,-0.5460038185119629,-0.5455358028411865,-0.545945405960083,1.4538708925247192,-0.5450679063796997,1.453957200050354,-0.5459504127502441,-0.5458387136459351,-0.5451058149337769,-0.5457596778869629,-0.5459085702896118,-0.5459836721420288,-0.25064799189567566,-0.5458495616912842,1.453963279724121,1.4538016319274902,1.4539588689804077,1.4539333581924438,-0.545965313911438,1.4539498090744019,1.453791856765747,-0.5458335876464844,1.4538511037826538,-0.5459803342819214,1.4538787603378296,-0.5459809303283691,-0.5456341505050659,-0.5458950996398926,-0.5459086894989014,1.4532917737960815
-0.574150562286377,-0.5742065906524658,-0.5742088556289673,-0.5739004015922546,1.425619125366211,-0.5742161870002747,1.4257032871246338,-0.5741180777549744,-0.5741994380950928,-0.574188232421875,1.42573881149292,1.4254777431488037,1.4245996475219727,-0.5740527510643005,-0.5741137266159058,1.4257092475891113,1.425715446472168,-0.5741018056869507,1.4257290363311768,1.4256361722946167,-0.5742149949073792,-0.5737470388412476,-0.5741567015647888,1.4256596565246582,-0.573279619216919,1.425745964050293,-0.57416170835495,-0.5740499496459961,-0.5733165740966797,-0.5739710330963135,-0.5741196870803833,-0.5741947293281555,-0.2789168953895569,-0.5740606784820557,1.4257521629333496,1.4255905151367188,1.4257476329803467,1.4257221221923828,-0.5741766691207886,1.42573881149292,1.4255807399749756,-0.5740448832511902,1.4256401062011719,-0.5741913318634033,1.4256675243377686,-0.5741921067237854,-0.5738453269004822,-0.5741063952445984,-0.5741199254989624,1.4250808954238892
-0.6027820110321045,-0.6028379797935486,-0.60284024477005,-0.6025320291519165,1.3969874382019043,-0.6028474569320679,1.3970718383789062,-0.6027493476867676,-0.6028310060501099,-0.6028196811676025,1.3971076011657715,1.3968461751937866,1.3959681987762451,-0.6026840209960938,-0.6027451157569885,1.3970777988433838,1.3970839977264404,-0.6027331948280334,1.3970975875854492,1.3970048427581787,-0.6028464436531067,-0.6023784875869751,-0.602787971496582,1.3970283269882202,-0.6019113063812256,1.3971149921417236,-0.6027930378913879,-0.6026813983917236,-0.601947546005249,-0.6026024222373962,-0.6027508974075317,-0.6028261780738831,-0.30761396884918213,-0.6026921272277832,1.397120714187622,1.3969590663909912,1.3971163034439087,1.3970906734466553,-0.6028081774711609,1.3971071243286133,1.396949291229248,-0.6026761531829834,1.3970086574554443,-0.6028228402137756,1.397036075592041,-0.6028232574462891,-0.6024767160415649,-0.6027376651763916,-0.6027514338493347,1.3964496850967407
-0.6318053007125854,-0.6318612098693848,-0.6318635940551758,-0.6315555572509766,1.3679640293121338,-0.6318709254264832,1.3680484294891357,-0.6317726969718933,-0.6318542957305908,-0.6318429708480835,1.368084192276001,1.3678227663040161,1.3669449090957642,-0.6317073106765747,-0.6317685842514038,1.3680546283721924,1.368060827255249,-0.6317563652992249,1.3680741786956787,1.3679816722869873,-0.6318696737289429,-0.6314016580581665,-0.6318114399909973,1.3680047988891602,-0.6309351921081543,1.368091344833374,-0.6318162679672241,-0.6317047476768494,-0.6309704184532166,-0.6316258907318115,-0.6317742466926575,-0.631849467754364,-0.3367137312889099,-0.6317154765129089,1.3680973052978516,1.3679355382919312,1.3680928945541382,1.3680675029754639,-0.6318313479423523,1.3680839538574219,1.3679258823394775,-0.6316995620727539,1.3679852485656738,-0.6318461298942566,1.3680126667022705,-0.6318467259407043,-0.6314999461174011,-0.6317609548568726,-0.63177490234375,1.3674266338348389
-0.6611920595169067,-0.661247730255127,-0.661250114440918,-0.6609423160552979,1.338577151298523,-0.6612573862075806,1.338661789894104,-0.6611593961715698,-0.661240816116333,-0.6612297296524048,1.3386974334716797,1.3384360074996948,1.337558627128601,-0.6610938310623169,-0.6611552238464355,1.338667869567871,1.3386741876602173,-0.6611428260803223,1.338687539100647,1.3385951519012451,-0.6612564325332642,-0.6607882976531982,-0.6611980199813843,1.3386181592941284,-0.6603225469589233,1.3387048244476318,-0.6612029075622559,-0.6610914468765259,-0.6603564023971558,-0.6610126495361328,-0.6611608266830444,-0.661236047744751,-0.36618730425834656,-0.6611021757125854,1.3387105464935303,1.338549017906189,1.338706374168396,1.3386809825897217,-0.6612178087234497,1.3386971950531006,1.3385393619537354,-0.6610860824584961,1.3385988473892212,-0.6612328290939331,1.3386259078979492,-0.6612334251403809,-0.6608864068984985,-0.6611475944519043,-0.6611613035202026,1.3380404710769653
-0.6909130215644836,-0.6909687519073486,-0.6909712553024292,-0.6906634569168091,1.3088560104370117,-0.690978467464447,1.3089408874511719,-0.6908803582191467,-0.6909617781639099,-0.6909505128860474,1.308976411819458,1.3087149858474731,1.307837724685669,-0.6908144354820251,-0.6908761262893677,1.3089467287063599,1.3089534044265747,-0.6908636689186096,1.3089666366577148,1.3088743686676025,-0.6909773349761963,-0.6905091404914856,-0.690919041633606,1.3088971376419067,-0.690044105052948,1.3089838027954102,-0.6909239292144775,-0.690812349319458,-0.6900767683982849,-0.6907339096069336,-0.690881609916687,-0.6909568905830383,-0.39600640535354614,-0.6908231377601624,1.3089897632598877,1.3088281154632568,1.3089854717254639,1.308959722518921,-0.6909389495849609,1.308976411819458,1.3088182210922241,-0.6908068060874939,1.3088778257369995,-0.6909537315368652,1.3089051246643066,-0.6909542679786682,-0.6906070709228516,-0.6908683776855469,-0.6908823847770691,1.3083200454711914
-0.7209387421607971,-0.7209946513175964,-0.7209970355033875,-0.7206897735595703,1.27882981300354,-0.7210041880607605,1.2789149284362793,-0.7209061980247498,-0.7209874987602234,-0.7209764719009399,1.2789506912231445,1.278688907623291,1.2778120040893555,-0.7208401560783386,-0.720902144908905,1.2789207696914673,1.2789274454116821,-0.7208895087242126,1.2789406776428223,1.278848648071289,-0.7210031747817993,-0.7205349206924438,-0.7209450006484985,1.2788710594177246,-0.7200711369514465,1.2789578437805176,-0.7209500074386597,-0.7208383083343506,-0.7201018333435059,-0.720759928226471,-0.7209072113037109,-0.7209829092025757,-0.42614203691482544,-0.7208489179611206,1.2789638042449951,1.2788022756576538,1.2789592742919922,1.2789340019226074,-0.720964789390564,1.278950572013855,1.2787922620773315,-0.7208326458930969,1.278852105140686,-0.7209796905517578,1.278878927230835,-0.720980167388916,-0.7206328511238098,-0.720894455909729,-0.7209084033966064,1.2782948017120361
-0.751240074634552,-0.7512958645820618,-0.7512985467910767,-0.7509914040565491,1.2485281229019165,-0.7513055801391602,1.2486135959625244,-0.7512075304985046,-0.7512885928153992,-0.7512775659561157,1.2486494779586792,1.2483874559402466,1.2475110292434692,-0.7511411905288696,-0.7512033581733704,1.2486194372177124,1.2486262321472168,-0.751190721988678,1.2486395835876465,1.2485473155975342,-0.7513043284416199,-0.7508361339569092,-0.7512462139129639,1.2485697269439697,-0.7503731846809387,1.2486567497253418,-0.7512511610984802,-0.7511396408081055,-0.7504020929336548,-0.7510614395141602,-0.7512082457542419,-0.7512839436531067,-0.45656347274780273,-0.7511503100395203,1.2486624717712402,1.2485010623931885,1.2486581802368164,1.2486326694488525,-0.7512660622596741,1.2486492395401,1.2484912872314453,-0.7511337399482727,1.2485508918762207,-0.7512808442115784,1.24857759475708,-0.7512812614440918,-0.7509337663650513,-0.7511956691741943,-0.7512096762657166,1.247994065284729
-0.7817867398262024,-0.7818426489830017,-0.7818450331687927,-0.7815384268760681,1.2179811000823975,-0.7818521857261658,1.2180670499801636,-0.7817543148994446,-0.7818353176116943,-0.7818242311477661,1.2181025743484497,1.217840552330017,1.216964602470398,-0.7816873788833618,-0.7817501425743103,1.2180726528167725,1.2180795669555664,-0.7817370891571045,1.2180931568145752,1.218001127243042,-0.7818509340286255,-0.78138267993927,-0.7817927598953247,1.2180229425430298,-0.780921220779419,1.2181100845336914,-0.7817977070808411,-0.7816863059997559,-0.7809478044509888,-0.7816082835197449,-0.7817546725273132,-0.7818306684494019,-0.48723727464675903,-0.7816970944404602,1.2181158065795898,1.217954397201538,1.2181116342544556,1.2180862426757812,-0.7818127274513245,1.2181025743484497,1.2179445028305054,-0.7816803455352783,1.218004584312439,-0.7818273901939392,1.2180306911468506,-0.7818281650543213,-0.781480073928833,-0.7817423343658447,-0.7817563414573669,1.2174484729766846
-0.8125487565994263,-0.8126042485237122,-0.8126070499420166,-0.8123008608818054,1.1872186660766602,-0.8126140236854553,1.1873050928115845,-0.8125162124633789,-0.8125969171524048,-0.8125863075256348,1.1873406171798706,1.1870782375335693,1.1862030029296875,-0.8124488592147827,-0.8125119805335999,1.1873104572296143,1.1873177289962769,-0.8124988675117493,1.187331199645996,1.1872392892837524,-0.8126128911972046,-0.81214439868927,-0.8125548362731934,1.1872607469558716,-0.8116846680641174,1.1873480081558228,-0.8125596046447754,-0.8124484419822693,-0.811708390712738,-0.8123705983161926,-0.8125162720680237,-0.8125923871994019,-0.5181300640106201,-0.8124590516090393,1.1873539686203003,1.187192440032959,1.187349557876587,1.1873242855072021,-0.8125747442245483,1.187340497970581,1.1871824264526367,-0.8124419450759888,1.1872426271438599,-0.8125894069671631,1.187268614768982,-0.8125900626182556,-0.8122417330741882,-0.812504231929779,-0.8125184178352356,1.1866872310638428
-0.843495786190033,-0.8435512781143188,-0.8435536623001099,-0.8432483077049255,1.156270980834961,-0.8435609340667725,1.1563581228256226,-0.8434630632400513,-0.8435436487197876,-0.8435329794883728,1.1563937664031982,1.1561311483383179,1.1552565097808838,-0.8433953523635864,-0.8434589505195618,1.156363606452942,1.156370997428894,-0.8434455990791321,1.1563843488693237,1.1562925577163696,-0.8435596823692322,-0.8430910706520081,-0.843501627445221,1.1563135385513306,-0.8426333069801331,1.1564011573791504,-0.8435065746307373,-0.8433953523635864,-0.8426538109779358,-0.8433179259300232,-0.8434627652168274,-0.8435391783714294,-0.5492015480995178,-0.8434060215950012,1.156407117843628,1.1562455892562866,1.156402826309204,1.1563774347305298,-0.8435215950012207,1.1563937664031982,1.1562354564666748,-0.8433884978294373,1.1562960147857666,-0.8435364961624146,1.156321406364441,-0.8435368537902832,-0.8431881666183472,-0.8434509634971619,-0.8434655070304871,1.1557414531707764
-0.8745969533920288,-0.8746524453163147,-0.8746551275253296,-0.8743500113487244,1.1251689195632935,-0.8746620416641235,1.1252567768096924,-0.8745643496513367,-0.8746448755264282,-0.8746342658996582,1.1252925395965576,1.1250293254852295,1.1241556406021118,-0.8744961023330688,-0.8745604157447815,1.1252621412277222,1.1252696514129639,-0.8745463490486145,1.1252833604812622,1.1251919269561768,-0.8746607899665833,-0.8741921186447144,-0.8746029734611511,1.1252121925354004,-0.8737366199493408,1.1252999305725098,-0.8746076226234436,-0.8744966983795166,-0.8737536072731018,-0.8744197487831116,-0.8745636343955994,-0.8746405243873596,-0.5804066061973572,-0.8745073080062866,1.1253057718276978,1.125144362449646,1.1253013610839844,1.12527596950531,-0.874622642993927,1.1252925395965576,1.1251342296600342,-0.8744894862174988,1.1251949071884155,-0.8746376633644104,1.1252198219299316,-0.8746380805969238,-0.8742889165878296,-0.874552309513092,-0.8745668530464172,1.1246416568756104
-0.9058219194412231,-0.9058774709701538,-0.9058798551559448,-0.9055757522583008,1.0939432382583618,-0.9058870077133179,1.094031810760498,-0.9057893753051758,-0.9058694839477539,-0.905859112739563,1.0940675735473633,1.0938042402267456,1.0929310321807861,-0.9057203531265259,-0.9057855606079102,1.0940369367599487,1.0940449237823486,-0.905771017074585,1.0940585136413574,1.0939671993255615,-0.9058858156204224,-0.9054168462753296,-0.9058277606964111,1.093986988067627,-0.9049642086029053,1.0940749645233154,-0.9058327674865723,-0.9057217836380005,-0.9049766063690186,-0.9056452512741089,-0.9057880640029907,-0.9058654308319092,-0.6116940975189209,-0.9057323932647705,1.0940808057785034,1.0939193964004517,1.0940766334533691,1.0940512418746948,-0.9058477878570557,1.0940674543380737,1.0939093828201294,-0.9057141542434692,1.0939704179763794,-0.90586256980896,1.0939946174621582,-0.9058629274368286,-0.9055134057998657,-0.905777096748352,-0.9057919979095459,1.0934184789657593
-0.937139630317688,-0.937195360660553,-0.9371976256370544,-0.9368941783905029,1.062624216079712,-0.9372047185897827,1.0627139806747437,-0.9371072053909302,-0.9371869564056396,-0.9371769428253174,1.0627497434616089,1.062485694885254,1.0616135597229004,-0.9370375871658325,-0.9371033906936646,1.0627187490463257,1.0627270936965942,-0.9370884895324707,1.062740683555603,1.0626500844955444,-0.9372034072875977,-0.9367343187332153,-0.9371457695960999,1.062669038772583,-0.9362850189208984,1.0627572536468506,-0.9371505379676819,-0.9370395541191101,-0.9362924695014954,-0.936963677406311,-0.9371051788330078,-0.937183141708374,-0.6429997682571411,-0.9370503425598145,1.0627628564834595,1.0626016855239868,1.0627586841583252,1.0627334117889404,-0.9371654987335205,1.0627497434616089,1.062591552734375,-0.9370315074920654,1.0626529455184937,-0.93718022108078,1.0626764297485352,-0.937180757522583,-0.9368303418159485,-0.9370951652526855,-0.9371099472045898,1.0621026754379272
-0.9685195088386536,-0.9685751795768738,-0.9685773849487305,-0.9682747721672058,1.0312429666519165,-0.9685843586921692,1.0313340425491333,-0.9684871435165405,-0.9685664176940918,-0.9685567617416382,1.0313698053359985,1.031105399131775,1.0302339792251587,-0.9684164524078369,-0.9684832096099854,1.0313385725021362,1.0313472747802734,-0.9684677720069885,1.0313611030578613,1.0312708616256714,-0.9685831069946289,-0.9681136012077332,-0.9685254693031311,1.0312886238098145,-0.967668354511261,1.0313774347305298,-0.9685302972793579,-0.9684194922447205,-0.967669665813446,-0.9683443307876587,-0.9684842824935913,-0.9685626029968262,-0.674246609210968,-0.9684302806854248,1.0313830375671387,1.031221866607666,1.0313791036605835,1.0313537120819092,-0.9685455560684204,1.031369924545288,1.0312118530273438,-0.968410849571228,1.0312734842300415,-0.968559980392456,1.0312960147857666,-0.9685606360435486,-0.968209445476532,-0.9684749245643616,-0.968489944934845,1.0307252407073975
-0.9999303221702576,-0.9999860525131226,-0.9999882578849792,-0.9996864199638367,0.999830424785614,-0.999995231628418,0.9999232888221741,-0.999897837638855,-0.9999771118164062,-0.9999674558639526,0.9999587535858154,0.9996938705444336,0.9988235235214233,-0.9998263120651245,-0.9998943209648132,0.9999271631240845,0.9999365210533142,-0.9998778700828552,0.9999505281448364,0.9998603463172913,-0.9999936819076538,-0.9995238184928894,-0.9999361038208008,0.999877393245697,-0.9990829825401306,0.9999665021896362,-0.9999410510063171,-0.9998303651809692,-0.9990778565406799,-0.9997562170028687,-0.9998941421508789,-0.999973475933075,-0.705336332321167,-0.9998413324356079,0.9999719858169556,0.999811053276062,0.999968409538269,0.9999428987503052,-0.9999561905860901,0.9999591112136841,0.9998012185096741,-0.9998210072517395,0.9998630285263062,-0.9999707341194153,0.9998846054077148,-0.9999713897705078,-0.9996193647384644,-0.9998857378959656,-0.9999008774757385,0.9993171691894531
